Song title,Producer,VIRTUAL SINGER ver. singers,SEKAI ver. singers,Unit,3DPV,Date added,Description,Table,Expected release date,Date released,Date removed,Reason
Tell Your World,kz (livetune),Hatsune Miku,N/A,VIRTUAL SINGER,Yes,2020/09/30,,Table 1,,,,
Roki,MikitoP,Kagamine Rin,"Hoshino Ichika, Hatsune Miku",Leo/need,Yes,2020/09/30,,Table 1,,,,
Teo,OmoiSakurai (lyricist),Hatsune Miku,"Hoshino Ichika, Hatsune Miku",Leo/need,Yes,2020/09/30,,Table 1,,,,
Hibana -Reloaded-,DECO*27Arrangement by Rockwell,Hatsune Miku,"Hoshino Ichika, Hatsune Miku",Leo/need,No,2020/09/30,,Table 1,,,,
Time Machine,1640mP,Hatsune Miku,"Hoshino Ichika,Tenma Saki, Hatsune Miku",Leo/need,Yes,2021/02/10,,Table 1,,,,
Happy Synthesizer,EasyPop,"Hatsune Miku,Kagamine Rin,Megurine Luka,MEIKO",MORE MORE JUMP!,MORE MORE JUMP!,Yes,2020/09/30,,Table 1,,,,
Viva Happy,Mitchie M,Hatsune Miku,"MORE MORE JUMP!, Hatsune Miku",MORE MORE JUMP!,No,2020/10/11,20 Consecutive Days! Daily Song Campaign,Table 1,,,,
Nostalogic,yuukiss,MEIKO,"Kiritani Haruka,Hinomori Shizuku, MEIKO",MORE MORE JUMP!,No,2020/09/30,,Table 1,,,,
drop pop candy,GigaReol (lyricist),"Kagamine Rin, Megurine Luka","Azusawa Kohane, Shiraishi An, Kagamine Rin, Megurine Luka",Vivid BAD SQUAD,Yes,2021/02/15,,Table 1,,,,
Asu no Yozora Shoukaihan,Orangestar,IA,Hoshino Ichika,Leo/need,No,2020/10/01,20 Consecutive Days! Daily Song Campaign,Table 1,,,,
Charles,balloon,flower,"Shinonome Ena,Akiyama Mizuki","25-ji, Nightcord de.",Yes,2020/09/30,,Table 1,,,,
Dappou Rock,Neru,Kagamine Len,"Kagamine Len, Tenma Tsukasa, Kamishiro Rui",Wonderlands×Showtime,No,2020/10/04,20 Consecutive Days! Daily Song Campaign,Table 1,,,,
Inochi ni Kirawarete iru.,Kanzaki Iori,Hatsune Miku,"Yoisaki Kanade, Hatsune Miku","25-ji, Nightcord de.",No,2020/10/05,20 Consecutive Days! Daily Song Campaign,Table 1,,,,
Rettou Joutou,GigaReol (lyricist),"Kagamine Rin, Kagamine Len","Azusawa Kohane,Shiraishi An, Kagamine Rin,Kagamine Len",Vivid BAD SQUAD,Yes,2020/09/30,Magical Mirai 2018 Kagamine 10th Anniversary Theme Song,Table 1,,,,
Just Be Friends,Dixie Flatline,Megurine Luka,"Azusawa Kohane, Shiraishi An, Megurine Luka",Vivid BAD SQUAD,No,2020/10/03,20 Consecutive Days! Daily Song Campaign,Table 1,,,,
Doctor=Funkbeat,nyanyannya,KAITO,"KAITO,Shinonome Akito,Aoyagi Toya",Vivid BAD SQUAD,No,2020/09/30,,Table 1,,,,
Miracle Paint,OSTER project,Hatsune Miku,"Wonderlands×Showtime, Hatsune Miku",Wonderlands×Showtime,No,2020/10/13,20 Consecutive Days! Daily Song Campaign,Table 1,,,,
Buriki no Dance,Hinata Electric Works,Hatsune Miku,"Kagamine Len,Tenma Tsukasa,Kamishiro Rui",Wonderlands×Showtime,Yes,2020/09/30,,Table 1,,,,
Sweet Magic,Junky,"Hatsune Miku, Kagamine Rin, Kagamine Len, MEIKO, KAITO","Wonderlands×Showtime, Kagamine Rin",Wonderlands×Showtime,Yes,2020/09/30,,Table 1,,,,
Next Nest,Satsuki ga Tenkomori,Hatsune Miku,N/A,VIRTUAL SINGER,No,2020/09/30,Magical Mirai 2014 Theme Song,Table 1,,,,
Hand in Hand,kz (livetune),Hatsune Miku,N/A,VIRTUAL SINGER,No,2020/10/08,"Magical Mirai 2015 Theme Song, 20 Consecutive Days! Daily Song Campaign",Table 1,,,,
39 Music!,MikitoP,Hatsune Miku,N/A,VIRTUAL SINGER,No,2020/10/16,"Magical Mirai 2016 Theme Song, 20 Consecutive Days! Daily Song Campaign",Table 1,,,,
Greenlights Serenade,OmoiSakurai (lyricist),Hatsune Miku,N/A,VIRTUAL SINGER,No,2020/12/29,Magical Mirai 2018 Theme Song,Table 1,,,,
Melt,ryo,Hatsune Miku,N/A,VIRTUAL SINGER,No,2020/09/30,,Table 1,,,,
World is Mine,ryo,Hatsune Miku,N/A,VIRTUAL SINGER,No,2020/10/06,20 Consecutive Days! Daily Song Campaign,Table 1,,,,
Hatsune Miku no Shoushitsu,cosMo@BousouP,Hatsune Miku,N/A,VIRTUAL SINGER,No,2020/09/30,,Table 1,,,,
Blessing,halyosy,"Hatsune Miku, Kagamine Rin, Kagamine Len, Megurine Luka, MEIKO, KAITO",N/A,VIRTUAL SINGER,No,2020/09/30,,Table 1,,,,
Hello/How Are You,Nanou,Hatsune Miku,"Hatsune Miku,Asahina Mafuyu, Shinonome Ena","25-ji, Nightcord de.",No,2020/09/30,,Table 1,,,,
Jishou Mushoku,Sasanomaly,Hatsune Miku,"Yoisaki Kanade, Asahina Mafuyu, Hatsune Miku","25-ji, Nightcord de.",Yes,2020/09/30,,Table 1,,,,
Dance Robot Dance,NayutalieN,Hatsune Miku,"Otori Emu,Kusanagi Nene, Hatsune Miku",Wonderlands×Showtime,Yes,2020/10/07,20 Consecutive Days! Daily Song Campaign,Table 1,,,,
Fragile,nulut,GUMI,"Shinonome Akito, Aoyagi Toya",Vivid BAD SQUAD,Yes,2020/09/30,,Table 1,,,,
Melty Land Nightmare,Harumaki Gohan,Hatsune Miku,"MORE MORE JUMP!, Hatsune Miku",MORE MORE JUMP!,Yes,2020/10/25,,Table 1,,,,
Tsugihagi Staccato,Toa,Hatsune Miku,"Hatsune Miku,Momoi Airi, Hinomori Shizuku",MORE MORE JUMP!,Yes,2020/09/30,,Table 1,,,,
Bless Your Breath,WADATAKEAKI (KurageP),Hatsune Miku,N/A,VIRTUAL SINGER,No,2021/01/04,Magical Mirai 2019 Theme Song,Table 1,,,,
Near,Natsushiro TakaakiArrangement by Takuya Watanabe,Hatsune Miku,"Hatsune Miku, Hanasato Minori, Kiritani Haruka",MORE MORE JUMP!,Yes,2020/10/02,20 Consecutive Days! Daily Song Campaign,Table 1,,,,
Hitorinbo Envy,koyori,Hatsune Miku,"Yoisaki Kanade, Akiyama Mizuki, Hatsune Miku","25-ji, Nightcord de.",Yes,2020/12/14,,Table 1,,,,
Umiyuri Kaiteitan,n-buna,Hatsune Miku,"Hoshino Ichika,Mochizuki Honami, Hatsune Miku",Leo/need,Yes,2020/12/01,,Table 1,,,,
Bouken no Sho ga Kiemashita!,JesusP,"Kagamine Rin, Kagamine Len","Kagamine Len, Kagamine Rin, Tenma Tsukasa,Otori Emu",Wonderlands×Showtime,No,2020/09/30,,Table 1,,,,
Yobanashi Deceive,Jin,IA,"Shinonome Akito, Aoyagi Toya, Kagamine Len",Vivid BAD SQUAD,No,2020/10/09,20 Consecutive Days! Daily Song Campaign,Table 1,,,,
alive,Ichinose LUPO,Kagamine Rin,N/A,VIRTUAL SINGER,No,2020/09/30,First song contest winner,Table 1,,,,
Gimme×Gimme,"Hachioji-P, Gigaq*Left (lyricist)","Kagamine Rin, Hatsune Miku",N/A,VIRTUAL SINGER,No,2020/10/10,20 Consecutive Days! Daily Song Campaign,Table 1,,,,
Junky Night Town Orchestra,Surii,Kagamine Len,N/A,VIRTUAL SINGER,No,2020/10/12,20 Consecutive Days! Daily Song Campaign,Table 1,,,,
Leia -Remind,Yuyoyuppe,Megurine Luka,N/A,VIRTUAL SINGER,No,2020/10/18,20 Consecutive Days! Daily Song Campaign,Table 1,,,,
on the rocks,OSTER project,"MEIKO, KAITO",N/A,VIRTUAL SINGER,No,2020/10/14,20 Consecutive Days! Daily Song Campaign,Table 1,,,,
Renai Saiban,40mP,Hatsune Miku,"Hatsune Miku, Hanasato Minori, Momoi Airi",MORE MORE JUMP!,No,2020/12/30,,Table 1,,,,
Chururira Chururira Daddadda!,WADATAKEAKI (KurageP),N/A,Wonderlands×Showtime,Wonderlands×Showtime,Yes,2021/01/03,,Table 1,,,,
Dramaturgy,EveArrangement by Numa,Hatsune Miku,"Hatsune Miku, Hoshino Ichika",Leo/need,No,2020/12/28,,Table 1,,,,
Otome Kaibou,"DECO*27Arrangement by emon(Tes.), Rockwell",Hatsune Miku,"Hatsune Miku, Asahina Mafuyu, Akiyama Mizuki","25-ji, Nightcord de.",No,2020/11/01,,Table 1,,,,
Aoku Kakero!,marasy,Hatsune Miku,"Hoshino Ichika, Hatsune Miku",Leo/need,No,2020/10/17,"""Pocari Sweat"" Ambassador theme, 20 Consecutive Days! Daily Song Campaign",Table 1,,,,
Totemo Itai Itagaritai,EZFG,VY2V3,"Asahina Mafuyu, Shinonome Ena, Hatsune Miku","25-ji, Nightcord de.",No,2021/01/05,,Table 1,,,,
Ifuudoudou,Umetora,"Megurine Luka, Hatsune Miku, GUMI, IA, Kagamine Rin","Shinonome Akito, Aoyagi Toya, KAITO",Vivid BAD SQUAD,Yes,2021/03/15,,Table 1,,,,
from Y to Y,JimmyThumb-P,Hatsune Miku,"Leo/need, Hatsune Miku",Leo/need,No,2021/03/22,,Table 1,,,,
Lost One no Goukoku,Neru,Kagamine Rin,"Hoshino Ichika, Hinomori Shiho, Kagamine Rin",Leo/need,Yes,2021/10/02,"Project SEKAI Championship 2021 Autumn final round song, 1st Anniversary Song Campaign",Table 1,,,,
ECHO,Crusher-P,GUMI,"VIVID BAD SQUAD, Megurine Luka",Vivid BAD SQUAD,No,2021/01/02,,Table 1,,,,
Yuurei Tokyo,Ayase,Hatsune Miku,"Shinonome Akito, Aoyagi Toya, KAITO",Vivid BAD SQUAD,No,2021/05/03,Ayase Tie-In,Table 1,,,,
Cendrillon 10th Anniversary,Dios/SignalP,"Hatsune Miku, KAITO",N/A,VIRTUAL SINGER,No,2022/01/01,New Year's Song Campaign (2021-2022),Table 1,,,,
Oki ni Mesu mama,Eve,Hatsune Miku,"Wonderlands×Showtime, Kagamine Len",Wonderlands×Showtime,Yes,2021/04/05,,Table 1,,,,
Milk Crown on Sonechka,Yujii,Hatsune Miku,"Hatsune Miku, Hanasato Minori, Hinomori Shizuku",MORE MORE JUMP!,No,2021/02/06,,Table 1,,,,
Aisarenakute mo Kimi ga Iru,PinocchioP,Hatsune Miku,N/A,VIRTUAL SINGER,No,2020/11/30,Magical Mirai 2020 Theme Song,Table 1,,,,
Hibikase,GigaLyric by Reol,Hatsune Miku,N/A,VIRTUAL SINGER,No,2021/01/18,,Table 1,,,,
Senbonzakura,Kurousa-P,Hatsune Miku,N/A,VIRTUAL SINGER,No,2021/01/01,RAGE Project SEKAI 2020 Winter final round song,Table 1,,,,
Cutlery,Yuukisan,Hatsune Miku,"Hatsune Miku, Yoisaki Kanade, Asahina Mafuyu","25-ji, Nightcord de.",No,2021/09/21,,Table 1,,,,
Rollin' Girl,wowaka,Hatsune Miku,N/A,VIRTUAL SINGER,No,2020/11/14,,Table 1,,,,
Ura-omote Lovers,wowaka,Hatsune Miku,N/A,VIRTUAL SINGER,No,2020/11/21,,Table 1,,,,
Unknown Mother Goose,wowaka,Hatsune Miku,N/A,VIRTUAL SINGER,No,2020/11/23,,Table 1,,,,
ODDS&ENDS,ryo,Hatsune Miku,N/A,VIRTUAL SINGER,No,2020/12/24,,Table 1,,,,
"*Hello, Planet.",sasakure.UK,Hatsune Miku,N/A,VIRTUAL SINGER,No,2020/12/31,,Table 1,,,,
World's End Dancehall,wowaka,"Hatsune Miku, Megurine Luka",N/A,VIRTUAL SINGER,No,2021/01/14,,Table 1,,,,
Ikanaide,Sohta,Kaai Yuki,"Hoshino Ichika, Tenma Saki, Hatsune Miku",Leo/need,Yes,2021/05/28,,Table 1,,,,
Romeo and Cinderella,doriko,Hatsune Miku,"Momoi Airi, Hinomori Shizuku, Hatsune Miku",MORE MORE JUMP!,Yes,2021/06/07,,Table 1,,,,
Positive☆Dance Time,kinoshita,"Otomachi Una, Kagamine Rin","Otori Emu, Kusanagi Nene, Kagamine Rin",Wonderlands×Showtime,No,2021/02/19,,Table 1,,,,
Dreamin Chuchu,emon(Tes.),Megurine Luka,"MORE MORE JUMP!, Megurine Luka",MORE MORE JUMP!,No,2021/04/12,,Table 1,,,,
Miku Miku ni Shite Ageru ♪ 【Shiteyanyo】,ika,Hatsune Miku,N/A,VIRTUAL SINGER,No,2021/03/09,,Table 1,,,,
Bocca della Verità,Hiiragi Kirai,flower,"Asahina Mafuyu, Akiyama Mizuki","25-ji, Nightcord de.",No,2021/03/06,,Table 1,,,,
Brand New Day,irucaice,Hatsune Miku,N/A,VIRTUAL SINGER,No,2021/02/22,1st Proseka NEXT Song ContestWinner,Table 1,,,,
Bitter Choco Decoration,syudou,Hatsune Miku,"25-ji, Nightcord de., Hatsune Miku","25-ji, Nightcord de.",Yes,2021/07/28,,Table 1,,,,
Hatsune Miku no Gekishou,cosMo@BousouP,Hatsune Miku,N/A,VIRTUAL SINGER,No,2021/03/30,,Table 1,,,,
Akuma no Odorikata,Kitani Tatsuya,Kagamine Rin,"Vivid BAD SQUAD, Kagamine Rin",Vivid BAD SQUAD,Yes,2021/10/08,1st Anniversary Song Campaign,Table 1,,,,
Telecaster B-Boy,Surii,Kagamine Len,"Wonderlands×Showtime, Kagamine Len",Wonderlands×Showtime,No,2021/10/06,1st Anniversary Song Campaign,Table 1,,,,
Roku-chou Nen to Ichiya Monogatari,kemu,IA,"Hoshino Ichika, Hatsune Miku",Leo/need,No,2021/07/12,kemu Tie-In,Table 1,,,,
Children Record,Jin,IA,"Vivid BAD SQUAD, Kagamine Len",Vivid BAD SQUAD,Yes,2021/08/23,Kagerou Project Tie-In,Table 1,,,,
Hana o Utau,shino,Hatsune Miku,N/A,VIRTUAL SINGER,No,2021/04/26,2nd Proseka NEXT Song ContestWinner,Table 1,,,,
KING,Kanaria,GUMI,"Tenma Tsukasa, Kamishiro Rui",Wonderlands×Showtime,No,2021/05/17,,Table 1,,,,
Yoru ni Kakeru,Ayase,Hatsune Miku,"Yoisaki Kanade, Hatsune Miku","25-ji, Nightcord de.",No,2021/05/01,Ayase Tie-In,Table 1,,,,
Traffic Jam,Niru Kajitsu,flower,"Vivid BAD SQUAD, Kagamine Rin",Vivid BAD SQUAD,No,2021/06/30,,Table 1,,,,
Venom,Kairiki Bear,flower,"Shinonome Ena, Akiyama Mizuki","25-ji, Nightcord de.",No,2021/10/04,1st Anniversary Song Campaign,Table 1,,,,
Remote Control,WONDERFUL☆OPPORTUNITY!,"Kagamine Rin, Kagamine Len","Otori Emu, Kusanagi Nene, Kagamine Rin, Kagamine Len",Wonderlands×Showtime,No,2022/05/16,,Table 1,,,,
Karakuri Pierrot,40mP,Hatsune Miku,"MORE MORE JUMP!, Hatsune Miku",MORE MORE JUMP!,Yes,2021/11/29,,Table 1,,,,
ray,"Fujiwara Motoo, BUMP OF CHICKEN",Hatsune Miku,"Hoshino Ichika, Hatsune Miku",Leo/need,Yes,2021/10/12,1st Anniversary Song Campaign,Table 1,,,,
Tokio Funka,takamatt,GUMI,N/A,VIRTUAL SINGER,No,2021/10/07,1st Anniversary Song Campaign,Table 1,,,,
Utakata Mirai,Negi Shower-P (Kaga),Hatsune Miku,N/A,VIRTUAL SINGER,No,2021/06/14,3rd Proseka NEXT Song ContestWinner,Table 1,,,,
Dareka no Shinzou ni Nareta Nara,YurryCanon,GUMI,N/A,VIRTUAL SINGER,No,2021/10/09,1st Anniversary Song Campaign,Table 1,,,,
Miku,Anamanaguchi,Hatsune Miku,N/A,VIRTUAL SINGER,Yes,2022/03/09,"Global server time-exclusive song,Miku Day 2022",Table 1,,,,
Chikyuu Saigo no Kokuhaku o,kemu,GUMI,"Kiritani Haruka, Hinomori Shizuku, Megurine Luka",MORE MORE JUMP!,No,2021/07/19,kemu Tie-In,Table 1,,,,
Shinpakusuu♯0822,Chouchou-P,Hatsune Miku,"Hoshino Ichika, Mochizuki Honami, Hatsune Miku",Leo/need,No,2022/01/24,,Table 1,,,,
Marshmary,MIMI,Hatsune Miku,"Hanasato Minori, Momoi Airi, Hatsune Miku",MORE MORE JUMP!,No,2021/10/10,1st Anniversary Song Campaign,Table 1,,,,
Nonsense Bungaku,EveArrangement by Numa,Hatsune Miku,"Tenma Tsukasa, Kamishiro Rui, Kagamine Len",Wonderlands×Showtime,No,2022/02/24,Eve Tie-In,Table 1,,,,
Endmark ni Kibou to Namida o Soete,cosMo@BousouP,N/A,N/A,N/A,No,2022/01/08,Project SEKAI×CHUNITHM NEW!! Collaboration,Table 1,,,,
the EmpErroR,sasakure.UK,N/A,N/A,N/A,No,2022/01/09,Project SEKAI×maimai DX UNiVERSE Collaboration,Table 1,,,,
Don't Fight The Music,Chroma,N/A,N/A,N/A,No,2022/01/10,Project SEKAI×O.N.G.E.K.I. bright Collaboration,Table 1,,,,
Sou Datta!!,Takenoko Shounen,Hatsune Miku,N/A,VIRTUAL SINGER,No,2021/08/06,4th Proseka NEXT Song ContestWinner,Table 1,,,,
Alter Ego,Misumi,Hatsune Miku,"Vivid BAD SQUAD, Hatsune Miku",Vivid BAD SQUAD,No,2021/11/10,,Table 1,,,,
Darling Dance,Kairiki Bear,Hatsune Miku,"Hanasato Minori, Kiritani Haruka, Hatsune Miku",MORE MORE JUMP!,No,2022/04/25,,Table 1,,,,
Shoujorei,MikitoP,Hatsune Miku,"Kiritani Haruka, Hinomori Shizuku, Hatsune Miku",MORE MORE JUMP!,Yes,2022/01/02,New Year's Song Campaign (2021-2022),Table 1,,,,
Villain,Teniwoha,flower,"Asahina Mafuyu, Akiyama Mizuki","25-ji, Nightcord de.",Yes,2021/12/31,New Year's Song Campaign (2021-2022),Table 1,,,,
Kagerou Daze,Jin,Hatsune Miku,"Leo/need, Hatsune Miku",Leo/need,No,2021/08/15,Kagerou Project Tie-In,Table 1,,,,
Happy Halloween,Junky,Kagamine Rin,"MORE MORE JUMP!, Kagamine Rin",MORE MORE JUMP!,No,2021/10/31,,Table 1,,,,
"1, 2 Fanclub",MikitoP,"Kagamine Rin, GUMI","Wonderlands×Showtime, Kagamine Rin",Wonderlands×Showtime,Yes,2022/03/14,,Table 1,,,,
Haikei Doppelganger,kemu,GUMI,N/A,VIRTUAL SINGER,No,2021/10/05,1st Anniversary Song Campaign,Table 1,,,,
Migikata no Chou,NoriPYura Mizuno (lyricist),Kagamine Len,N/A,VIRTUAL SINGER,No,2021/10/11,1st Anniversary Song Campaign,Table 1,,,,
Roshin Yuukai,iroha(sasaki)kuma(alfred) (lyricist),Kagamine Rin,N/A,VIRTUAL SINGER,No,2021/10/01,1st Anniversary Song Campaign,Table 1,,,,
Aishite Aishite Aishite,Kikuo,Hatsune Miku,"Asahina Mafuyu, Shinonome Ena, Hatsune Miku","25-ji, Nightcord de.",Yes,2022/02/07,,Table 1,,,,
fixer,nulut,flower,"Tenma Tsukasa, Kamishiro Rui",Wonderlands×Showtime,No,2021/12/28,New Year's Song Campaign (2021-2022),Table 1,,,,
"Hello,world!","Fujiwara Motoo, BUMP OF CHICKEN",Hatsune Miku,"Leo/need, Hatsune Miku",Leo/need,No,2021/10/13,1st Anniversary Song Campaign,Table 1,,,,
Sick of House!,OZON,"Kagamine Len, Kagamine Rin",N/A,VIRTUAL SINGER,No,2021/10/22,5th Proseka NEXT Song ContestWinner,Table 1,,,,
Hatsune Tenchikaibyaku Shinwa,cosMo@BousouP,Hatsune Miku,N/A,VIRTUAL SINGER,No,2021/11/05,Magical Mirai 2021 Theme Song,Table 1,,,,
Kokoroyohou,EveArrangement by TAKU INOUE and Numa,Hatsune Miku,"MORE MORE JUMP!, Hatsune Miku",MORE MORE JUMP!,No,2022/03/02,Eve Tie-In,Table 1,,,,
Aku no Musume,mothy,Kagamine Rin,N/A,VIRTUAL SINGER,No,2021/12/13,Project SEKAI×Aku no Taizai SeriesCollaboration,Table 1,,,,
Aku no Meshitsukai,mothy,Kagamine Len,N/A,VIRTUAL SINGER,No,2021/12/14,Project SEKAI×Aku no Taizai Series Collaboration,Table 1,,,,
Mousou Kanshou Daishou Renmei,DECO*27,Hatsune Miku,"Yoisaki Kanade, Shinonome Ena, Hatsune Miku","25-ji, Nightcord de.",No,2022/05/13,,Table 1,,,,
PaⅢ.SENSATION,YunosukeGyuuniku (lyricist),"Hatsune Miku, GUMI, Kagamine Rin","Azusawa Kohane, Shiraishi An, Hatsune Miku, Kagamine Rin",Vivid BAD SQUAD,Yes,2022/04/18,,Table 1,,,,
Last Score,Sekikomi Gohan,Hatsune Miku,N/A,VIRTUAL SINGER,No,2021/12/20,6th Proseka NEXT Song ContestWinner,Table 1,,,,
Goodbye Sengen,Chinozo,flower,Wonderlands×Showtime,Wonderlands×Showtime,No,2022/06/13,,Table 1,,,,
Ghost Rule,DECO*27,Hatsune Miku,"Hoshino Ichika, Hatsune Miku",Leo/need,No,2021/12/30,New Year's Song Campaign (2021-2022),Table 1,,,,
Garando,Picon,Hatsune Miku,"Shinonome Akito, Aoyagi Toya, Kagamine Len",Vivid BAD SQUAD,No,2022/01/03,New Year's Song Campaign (2021-2022),Table 1,,,,
Kami no Manimani,rerulili,"Hatsune Miku, Kagamine Rin, GUMI","Wonderlands×Showtime, Hatsune Miku",Wonderlands×Showtime,Yes,2022/05/30,,Table 1,,,,
Q,siinamota (Powapowa-P),Kagamine Rin,N/A,VIRTUAL SINGER,No,2023/03/02,siinamota (Powapowa-P) Tie-In,Table 1,,,,
Usseewa,syudou,Hatsune Miku,"Asahina Mafuyu, Akiyama Mizuki","25-ji, Nightcord de.",No,2022/02/04,Ado Tie-In,Table 1,,,,
Odo,"Giga, TeddyLoid, DECO*27","Kagamine Rin, Kagamine Len","Azusawa Kohane, Shiraishi An",Vivid BAD SQUAD,No,2022/01/31,Ado Tie-In,Table 1,,,,
Kimiiro Marine Snow,Carlos Hakamada,Hatsune Miku,N/A,VIRTUAL SINGER,No,2022/02/05,SNOW MIKU 2022 Theme Song,Table 1,,,,
Bokura Mada Underground,EveArrangement by Numa,Hatsune Miku,"Hoshino Ichika, Hinomori Shiho, Hatsune Miku",Leo/need,No,2022/03/04,Eve Tie-In,Table 1,,,,
Ame to Petra,balloon,flower,"Shinonome Akito, Aoyagi Toya, Kagamine Len",Vivid BAD SQUAD,No,2022/03/22,,Table 1,,,,
Vampire,DECO*27,Hatsune Miku,"MORE MORE JUMP!, Hatsune Miku",MORE MORE JUMP!,Yes,2022/06/20,,Table 1,,,,
Palette ni wa Kimi ga Ippai,siinamota (Powapowa-P),Hatsune Miku,N/A,VIRTUAL SINGER,No,2023/03/01,siinamota (Powapowa-P) Tie-In,Table 1,,,,
Judas,Sukoya Cathedral,KAITO,N/A,VIRTUAL SINGER,No,2022/02/21,7th Proseka NEXT Song ContestWinner,Table 1,,,,
Luka Luka★Night Fever,samfree,Megurine Luka,N/A,VIRTUAL SINGER,No,2022/04/02,1.5 Year Anniversary Song Campaign,Table 1,,,,
Meryuu,n-buna,Hatsune Miku,"Hatsune Miku, Yoisaki Kanade, Asahina Mafuyu","25-ji, Nightcord de.",Yes,2022/07/04,,Table 1,,,,
Suna no Wakusei,Hachi,Hatsune Miku,N/A,VIRTUAL SINGER,No,2022/04/01,"Magical Mirai 2017 Theme Song, 1.5 Year Anniversary Song Campaign",Table 1,,,,
Donut Hole,Hachi,Hatsune Miku,N/A,VIRTUAL SINGER,No,2022/03/31,1.5 Year Anniversary Song Campaign,Table 1,,,,
Matryoshka,Hachi,Hatsune Miku,N/A,VIRTUAL SINGER,No,2022/03/30,1.5 Year Anniversary Song Campaign,Table 1,,,,
Piano×Forte×Scandal,OSTER project,MEIKO,N/A,VIRTUAL SINGER,No,2022/04/03,1.5 Year Anniversary Song Campaign,Table 1,,,,
Sennen no Dokusouka,yanagi,KAITO,N/A,VIRTUAL SINGER,No,2022/04/04,1.5 Year Anniversary Song Campaign,Table 1,,,,
Ego Rock,Surii,Kagamine Len,"Wonderlands×Showtime, Kagamine Len",Wonderlands×Showtime,Yes,2022/10/06,2nd Anniversary Song Campaign,Table 1,,,,
Lost and Found,sasakure.UKUK Rampage (arranger),Hatsune Miku,"Leo/need, Hatsune Miku",Leo/need,Yes,2022/08/15,,Table 1,,,,
ONESELF,Twinfield,Hatsune Miku,N/A,VIRTUAL SINGER,No,2022/04/15,8th Proseka NEXT Song ContestWinner,Table 1,,,,
Goodbye,CircusP,Hatsune Miku,N/A,VIRTUAL SINGER,No,2023/02/01,Global server time-exclusive song,Table 1,,,,
Noushou Sakuretsu Girl,rerulili,"Hatsune Miku, GUMI",N/A,VIRTUAL SINGER,No,2022/06/30,Project SEKAI Championship 2022 Spring final round song,Table 1,,,,
Black★Rock Shooter,ryo,Hatsune Miku,N/A,VIRTUAL SINGER,No,2022/05/10,Black★Rock Shooter DAWN FALL Tie-In,Table 1,,,,
Odore Orchestra,YASUHIRO,IA,"Wonderlands×Showtime, Megurine Luka",Wonderlands×Showtime,No,2022/08/08,,Table 1,,,,
Torinoko City,40mP,Hatsune Miku,"Kiritani Haruka, Momoi Airi, Hatsune Miku",MORE MORE JUMP!,No,2022/10/08,2nd Anniversary Song Campaign,Table 1,,,,
Calc.,JimmyThumb-P,Hatsune Miku,"Hoshino Ichika, Hinomori Shiho, Hatsune Miku",Leo/need,No,2022/09/16,,Table 1,,,,
Aun no Beats,Hanyuu Maigo,flower,"Shinonome Akito, Aoyagi Toya",Vivid BAD SQUAD,No,2022/06/06,,Table 1,,,,
Alien Alien,NayutalieN,Hatsune Miku,"Hatsune Miku, Otori Emu, Kusanagi Nene",Wonderlands×Showtime,No,2022/07/11,,Table 1,,,,
Copycat,CircusP,GUMI,N/A,VIRTUAL SINGER,No,2023/02/10,Global server time-exclusive song,Table 1,,,,
Bokura no 16bit Warz,sasakure.UK,GUMI,N/A,VIRTUAL SINGER,No,2022/07/01,,Table 1,,,,
Kusare-gedou to Chocolate,PinocchioP,Hatsune Miku,N/A,VIRTUAL SINGER,No,2022/12/25,Project SEKAI Championship 2022 Autumn final round song,Table 1,,,,
Fräulein=Biblioteca,nyanyannya,MEIKO,N/A,VIRTUAL SINGER,No,2022/07/30,,Table 1,,,,
DAYBREAK FRONTLINE,Orangestar,IA,"Vivid BAD SQUAD, Hatsune Miku",Vivid BAD SQUAD,Yes,2022/10/10,2nd Anniversary Song Campaign,Table 1,,,,
Mikansei Sanka,Shaito,Hatsune Miku,N/A,VIRTUAL SINGER,No,2022/06/24,9th Proseka NEXT Song ContestWinner,Table 1,,,,
Yomosugara Kimi Omou,TOKOTOKO,GUMI,"Leo/need, Kagamine Rin",Leo/need,No,2022/12/29,New Year's Song Campaign (2022-2023),Table 1,,,,
Double Lariat,Agoaniki,Megurine Luka,N/A,VIRTUAL SINGER,No,2022/10/04,2nd Anniversary Song Campaign,Table 1,,,,
Shinkai Shoujo,Yuuyu,Hatsune Miku,"MORE MORE JUMP!, Hatsune Miku",MORE MORE JUMP!,No,2023/04/07,,Table 1,,,,
Love ka?,Hiiragi Kirai,flower,"Wonderlands×Showtime, MEIKO",Wonderlands×Showtime,Yes,2022/11/14,,Table 1,,,,
Hoshikuzu Utopia,otetsu,Megurine Luka,N/A,VIRTUAL SINGER,No,2022/11/25,,Table 1,,,,
Teikoku Shoujo,R Sound Design,Hatsune Miku,"Azusawa Kohane, Shiraishi An, Hatsune Miku",Vivid BAD SQUAD,No,2022/11/01,,Table 1,,,,
Highlight,KIRA,Hatsune Miku,N/A,VIRTUAL SINGER,No,2023/03/20,"MIKU EXPO 2021 Online Theme Song,Global server time-exclusive song",Table 1,,,,
Change me,shu-t,MEIKO,N/A,VIRTUAL SINGER,No,2022/11/04,,Table 1,,,,
YY,23.exe,Hatsune Miku,"Vivid BAD SQUAD, Hatsune Miku",Vivid BAD SQUAD,No,2022/08/22,,Table 1,,,,
Non-Breath Oblige,PinocchioP,Hatsune Miku,"25-ji, Nightcord de., Hatsune Miku","25-ji, Nightcord de.",Yes,2022/12/05,,Table 1,,,,
Lonely Universe,aqu3ra,"Hatsune Miku, flower","Hanasato Minori, Kiritani Haruka, Hatsune Miku",MORE MORE JUMP!,No,2022/12/09,,Table 1,,,,
Deichuu ni Saku,HarryPArranged by Teruaki Tanahashi,Hatsune Miku,"Yoisaki Kanade, Akiyama Mizuki, Hatsune Miku","25-ji, Nightcord de.",No,2022/10/28,,Table 1,,,,
Attakaito,halyosy,KAITO,N/A,VIRTUAL SINGER,No,2022/11/28,,Table 1,,,,
Gehenna,wotaku,Hatsune Miku,"Hatsune Miku, Shinonome Ena, Akiyama Mizuki","25-ji, Nightcord de.",No,2022/09/12,,Table 1,,,,
Future Eve,sasakure.UKUK Rampage (arranger),Hatsune Miku,N/A,VIRTUAL SINGER,No,2022/09/02,Magical Mirai 10th Anniversary Theme Song,Table 1,,,,
Soredemo Ii nda yo,Ponchi♪,Hatsune Miku,N/A,VIRTUAL SINGER,No,2022/08/26,10th Proseka NEXT Song ContestWinner,Table 1,,,,
Paradichlorobenzene,Owata-P,"Kagamine Len, Kagamine Rin",N/A,VIRTUAL SINGER,No,2022/11/21,,Table 1,,,,
Shanti,wotaku,KAITO,"Vivid BAD SQUAD, KAITO",Vivid BAD SQUAD,No,2023/05/19,,Table 1,,,,
Phony,Tsumiki,KAFU,"25-ji, Nightcord de., MEIKO","25-ji, Nightcord de.",No,2022/10/03,2nd Anniversary Song Campaign,Table 1,,,,
Bad ∞ End ∞ Night,Hitoshizuku×Yama△,"Hatsune Miku, Kagamine Rin, Kagamine Len, Megurine Luka, KAITO, MEIKO, GUMI, Kamui Gakupo",N/A,VIRTUAL SINGER,No,2022/10/07,2nd Anniversary Song Campaign,Table 1,,,,
"Kochira, Koufuku Anshin Iinkai desu.","UtataP, Tory Hitsuji (lyricist)",Hatsune Miku,N/A,VIRTUAL SINGER,No,2022/10/09,2nd Anniversary Song Campaign,Table 1,,,,
Kimagure Mercy,Hachioji-Pq*Left (lyricist),Hatsune Miku,"MORE MORE JUMP!, Hatsune Miku",MORE MORE JUMP!,Yes,2023/01/02,New Year's Song Campaign (2022-2023),Table 1,,,,
Rainy Snowdrop,Re:nGKatabira Yuki (lyricist),KAITO,N/A,VIRTUAL SINGER,Yes,2023/02/11,KAITO 15th Anniversary Theme Song,Table 1,,,,
Invisible,kemu,"GUMI, Kagamine Rin",N/A,VIRTUAL SINGER,No,2022/10/05,2nd Anniversary Song Campaign,Table 1,,,,
"Hello, Worker",Hayashi Kei,Megurine Luka,"Leo/need, Megurine Luka",Leo/need,Yes,2023/02/20,,Table 1,,,,
Unhappy Refrain,wowaka,Hatsune Miku,N/A,VIRTUAL SINGER,No,2022/10/02,2nd Anniversary Song Campaign,Table 1,,,,
Amanojaku,164,GUMI,Leo/need,Leo/need,No,2022/10/01,2nd Anniversary Song Campaign,Table 1,,,,
Pheles,Kuriyama Yuri (Hachiya Nanashi),"Hatsune Miku, MEIKO","Azusawa Kohane, Shiraishi An, Hatsune Miku, MEIKO",Vivid BAD SQUAD,No,2023/01/05,New Year's Song Campaign (2022-2023),Table 1,,,,
Ichi Ni no San de,nogumi,Hatsune Miku,N/A,VIRTUAL SINGER,No,2022/10/31,11th Proseka NEXT Song Contest Winner,Table 1,,,,
Irony,Scop,Hatsune Miku,"25-ji, Nightcord de., Kagamine Len","25-ji, Nightcord de.",No,2023/02/13,,Table 1,,,,
Sore ga Anata no Shiawase to Shite mo,Heavenz,Megurine Luka,"Yoisaki Kanade, Shinonome Ena, Megurine Luka","25-ji, Nightcord de.",No,2023/01/03,New Year's Song Campaign (2022-2023),Table 1,,,,
Cantarella,Kurousa-P,"KAITO, Hatsune Miku",N/A,VIRTUAL SINGER,No,2022/12/31,New Year's Song Campaign (2022-2023),Table 1,,,,
p.h.,SEVENTHLINKS,flower,N/A,VIRTUAL SINGER,No,2023/01/23,,Table 1,,,,
Netoge Haijin Sprechchor,Satsuki ga Tenkomori,Hatsune Miku,"Otori Emu, Kusanagi Nene, Hatsune Miku",Wonderlands×Showtime,No,2022/12/30,New Year's Song Campaign (2022-2023),Table 1,,,,
Egoist,Onuma Parsley,flower,"Vivid BAD SQUAD, MEIKO",Vivid BAD SQUAD,Yes,2023/03/13,,Table 1,,,,
Watashi no Koi wa Hellfire,SLAVE.V-V-R,MEIKO,N/A,VIRTUAL SINGER,Yes,2023/04/03,2.5th Anniversary Song Campaign,Table 1,,,,
Rin-chan Now!,Garuna (Owata-P)sezu (lyricist),"Hatsune Miku, Megurine Luka",N/A,VIRTUAL SINGER,No,2023/01/04,New Year's Song Campaign (2022-2023),Table 1,,,,
Strobe Last,siinamota (Powapowa-P),Hatsune Miku,N/A,VIRTUAL SINGER,No,2023/02/28,siinamota (Powapowa-P) Tie-In,Table 1,,,,
1925,T-POCKET,Hatsune Miku,"Wonderlands×Showtime, Hatsune Miku",Wonderlands×Showtime,No,2023/02/15,,Table 1,,,,
Okochama Sensou,GigaReol (lyricist),"Kagamine Rin, Kagamine Len","Tenma Tsukasa, Kusanagi Nene, Kagamine Rin, Kagamine Len",Wonderlands×Showtime,Yes,2023/04/17,,Table 1,,,,
Afterglow,JimmyThumb-P,Megurine Luka,N/A,VIRTUAL SINGER,Yes,2023/07/07,,Table 1,,,,
Yoake to Hotaru,n-buna,Hatsune Miku,N/A,VIRTUAL SINGER,No,2023/01/10,,Table 1,,,,
Kokoro,Toraboruta,Kagamine Rin,N/A,VIRTUAL SINGER,No,2023/02/27,,Table 1,,,,
FREELY TOMORROW,Mitchie MЯIRE (lyricist),Hatsune Miku,N/A,VIRTUAL SINGER,No,2023/01/01,New Year's Song Campaign (2022-2023),Table 1,,,,
Hidamari no Setsuna,Akano Y,"Hatsune Miku, Megurine Luka",N/A,VIRTUAL SINGER,No,2022/12/12,12th Proseka NEXT Song Contest Winner,Table 1,,,,
What's up? Pop!,Capchii,Hatsune Miku,N/A,VIRTUAL SINGER,No,2022/12/23,Project SEKAI UltimateSong Contest Winner,Table 1,,,,
Mahou Mitai na Music!,OSTER project,Hatsune Miku,N/A,VIRTUAL SINGER,No,2023/04/10,"MIKU EXPO 2018 Europe Theme Song,Global server time-exclusive song",Table 1,,,,
Sharing The World,"BIGHEAD, Kei Suzuki (arranger)",Hatsune Miku,N/A,VIRTUAL SINGER,No,2023/05/12,"MIKU EXPO 2014 in LA & NY Theme Song,Global server time-exclusive song",Table 1,,,,
Decade,Dixie Flatline,Hatsune Miku,N/A,VIRTUAL SINGER,No,2023/07/28,"MIKU EXPO 2018 USA & Mexico Theme Song,Global server time-exclusive song",Table 1,,,,
Booo!,TOKOTOKO,Otomachi Una,"MORE MORE JUMP!, Kagamine Rin",MORE MORE JUMP!,No,2023/03/07,,Table 1,,,,
Attract Light,*Luna,Kagamine Len,"Leo/need, Kagamine Len",Leo/need,No,2023/03/24,,Table 1,,,,
Taemanaku Aiiro,Shishi Shishi,Hatsune Miku,"Shinonome Akito, Aoyagi Toya, KAITO",Vivid BAD SQUAD,No,2023/04/21,,Table 1,,,,
Kaisei,Orangestar,IA,"Leo/need, MEIKO",Leo/need,Yes,2023/05/01,,Table 1,,,,
Buta ni Natte Yeah Yeah,Neru,Kagamine Len,N/A,VIRTUAL SINGER,Yes,2023/10/05,3rd Anniversary Song Campaign,Table 1,,,,
Tenshi no Tsubasa.,A4。,"KAFU, Gekiyaku",N/A,VIRTUAL SINGER,No,2023/02/07,1st rank in Rookie Category of The VOCALOID Collection 2022 Autumn,Table 1,,,,
SnowMix♪,marasyKOUCHI (arranger),Hatsune Miku,N/A,VIRTUAL SINGER,No,2023/02/04,SNOW MIKU 2023 Theme Song,Table 1,,,,
SEKAI-chan to KAFU-chan no Otsukai Gassoukyoku,Minami no Minami,"SEKAI, KAFU, Tohoku Kiritan",N/A,VIRTUAL SINGER,No,2023/02/06,1st rank in TOP 100 Category of The VOCALOID Collection 2022 Autumn,Table 1,,,,
Yaminabe!!!!,cosMo@BousouP,Hatsune Miku,N/A,VIRTUAL SINGER,No,2023/03/04,Project SEKAI UltimateSong Contest Winner,Table 1,,,,
Interviewer,kuwagataP,Megurine Luka,N/A,VIRTUAL SINGER,No,2023/04/02,2.5th Anniversary Song Campaign,Table 1,,,,
39,sasakure.UKDECO*27,Hatsune Miku,N/A,VIRTUAL SINGER,No,2023/03/09,Miku Day 2023,Table 1,,,,
Epilogue ni Kimi wa Inai,Sato Genzairyo,Hatsune Miku,N/A,VIRTUAL SINGER,No,2023/03/16,13th Proseka NEXT Song Contest Winner,Table 1,,,,
Vampire's ∞ pathoS,Hitoshizuku×Yama△,Kagamine Len,N/A,VIRTUAL SINGER,No,2023/03/31,2.5th Anniversary Song Campaign,Table 1,,,,
Trash and Trash!,WADATAKEAKI (KurageP),Kagamine Rin,N/A,VIRTUAL SINGER,No,2023/03/30,2.5th Anniversary Song Campaign,Table 1,,,,
METEOR,DIVELA,Hatsune Miku,N/A,VIRTUAL SINGER,No,2023/04/01,"Magical Mirai 2018 Song Contest Grand Prize,2.5th Anniversary Song Campaign",Table 1,,,,
Where shall we go?,Mellowcle,"Kagamine Rin, Kagamine Len",N/A,VIRTUAL SINGER,No,2023/02/24,13th Proseka NEXT Song Contest Winner,Table 1,,,,
glow,keeno,Hatsune Miku,"Leo/need, Hatsune Miku",Leo/need,Yes,2023/06/23,,Table 1,,,,
Totemo Suteki na Rokugatsu Deshita,Eight,Hatsune Miku,"25-ji, Nightcord de., Hatsune Miku","25-ji, Nightcord de.",Yes,2023/06/26,,Table 1,,,,
Nanchoukei Danshi ga Taosenai,LamazeP,Kagamine Rin,N/A,VIRTUAL SINGER,Yes,2023/12/18,,Table 1,,,,
Blue Star,Hachioji-P,Hatsune Miku,N/A,VIRTUAL SINGER,No,2023/05/26,"MIKU EXPO 2016 Theme Song,Global server time-exclusive song",Table 1,,,,
Snowman,halyosy,KAITO,N/A,VIRTUAL SINGER,No,2023/04/04,2.5th Anniversary Song Campaign,Table 1,,,,
Nounai Kakumei Girl,MARETU,Hatsune Miku,"Vivid BAD SQUAD, Hatsune Miku",Vivid BAD SQUAD,Yes,2023/07/24,,Table 1,,,,
"Aa, Subarashiki Nyansei",Nem,"GUMI, Kagamine Len","Wonderlands×Showtime, Kagamine Len",Wonderlands×Showtime,No,2023/06/12,,Table 1,,,,
Enbizaka no Shitateya,mothy,Megurine Luka,N/A,VIRTUAL SINGER,No,2023/05/05,Project SEKAI×Aku no Taizai Series Collaboration,Table 1,,,,
Akutoku no Judgement,mothy,KAITO,N/A,VIRTUAL SINGER,No,2023/05/06,Project SEKAI×Aku no Taizai Series Collaboration,Table 1,,,,
Akujiki Musume Conchita,mothy,"MEIKO, Kagamine Len, Kagamine Rin",N/A,VIRTUAL SINGER,No,2023/05/03,Project SEKAI×Aku no Taizai Series Collaboration,Table 1,,,,
Nemurase Hime kara no Okurimono,mothy,Hatsune Miku,N/A,VIRTUAL SINGER,No,2023/05/04,Project SEKAI×Aku no Taizai Series Collaboration,Table 1,,,,
Inochi Bakkari,nulut,"flower, Yuzuki Yukari","25-ji, Nightcord de., MEIKO","25-ji, Nightcord de.",No,2023/04/24,,Table 1,,,,
Setsuna Trip,Last Note.,GUMI,"Hanasato Minori, Momoi Airi, Kagamine Rin",MORE MORE JUMP!,No,2023/05/15,Project SEKAI Championship 2023 Spring final round song,Table 1,,,,
Shiroi Yuki no Princess wa,Noboru↑,Hatsune Miku,"MORE MORE JUMP!, Hatsune Miku",MORE MORE JUMP!,Yes,2023/09/11,,Table 1,,,,
Blue Planet,"DECO*27, Rockwell (arranger)",Hatsune Miku,N/A,VIRTUAL SINGER,Yes,2023/08/31,Hatsune Miku 16th Anniversary Song,Table 1,,,,
Kokoronashi,Chouchou-P,GUMI,"Yoisaki Kanade, Asahina Mafuyu, Kagamine Len","25-ji, Nightcord de.",No,2023/08/28,,Table 1,,,,
Na mo Naki Kakumei,Cyan Kino,Hatsune Miku,N/A,VIRTUAL SINGER,No,2023/04/14,14th Proseka NEXT Song Contest Winner,Table 1,,,,
Taiyoukei Disco,NayutalieN,Hatsune Miku,"Wonderlands×Showtime, Hatsune Miku",Wonderlands×Showtime,No,2023/07/12,,Table 1,,,,
Kyuukurarin,iyowa,KAFU,"MORE MORE JUMP!, MEIKO",MORE MORE JUMP!,No,2023/07/03,,Table 1,,,,
Wonder Style,colate,Hatsune Miku,N/A,VIRTUAL SINGER,No,2023/06/07,Digital Stars 2020 Theme Song,Table 1,,,,
UNDERWATER,Hylen,Hatsune Miku,N/A,VIRTUAL SINGER,No,2023/06/28,Digital Stars 2023 Theme Song,Table 1,,,,
Eternal Aria,Adeliae,Hatsune Miku,N/A,VIRTUAL SINGER,No,2023/05/22,14th Proseka NEXT Song Contest Winner,Table 1,,,,
Koi wa Sensou,ryo,Hatsune Miku,"Azusawa Kohane, Shiraishi An, Hatsune Miku",Vivid BAD SQUAD,No,2023/10/06,3rd Anniversary Song Campaign,Table 1,,,,
Suki na Koto Dake de ii Desu,PinocchioP,Hatsune Miku,"Ootori Emu, Kamishiro Rui, Hatsune Miku",Wonderlands×Showtime,Yes,2023/10/08,3rd Anniversary Song Campaign,Table 1,,,,
Melancholic,Junky,Kagamine Rin,"MORE MORE JUMP!, Kagamine Rin",MORE MORE JUMP!,No,2023/10/04,3rd Anniversary Song Campaign,Table 1,,,,
Jinsei,Ann-MeltsP,"Hatsune Miku, Kagamine Rin, Kagamine Len, Megurine Luka, MEIKO, KAITO",N/A,VIRTUAL SINGER,No,2023/06/02,Project SEKAI UltimateSong Contest Winner,Table 1,,,,
Tengaku,Yuuyu,Kagamine Rin,"Hoshino Ichika, Hinomori Shiho, Kagamine Rin",Leo/need,No,2023/10/02,3rd Anniversary Song Campaign,Table 1,,,,
Wagamama Hime,Fujiwo,Hatsune Miku,"Ootori Emu, Kusanagi Nene, Hatsune Miku",Wonderlands×Showtime,No,2023/10/25,,Table 1,,,,
Akuyaku ni Kiss Scene o,40mP,Hatsune Miku,"MORE MORE JUMP!, KAITO",MORE MORE JUMP!,Yes,2023/10/23,,Table 1,,,,
Slow Downer,Rokuro,"Hatsune Miku, GUMI","25-ji, Nightcord de., Hatsune Miku","25-ji, Nightcord de.",No,2023/12/25,,Table 1,,,,
Zunda Party Night,namigroove,Zundamon,N/A,VIRTUAL SINGER,No,2023/08/04,1st rank in Rookie Category of The VOCALOID Collection 2023 Spring,Table 1,,,,
Stardust Medley,KISARA,Hatsune Miku,N/A,VIRTUAL SINGER,No,2023/06/16,15th Proseka NEXT Song Contest Winner,Table 1,,,,
Shinjinrui,"marasy, Horie Shota (kemu), Jin",Kagamine Rin,N/A,VIRTUAL SINGER,No,2023/08/03,1st rank in TOP 100 Category of The VOCALOID Collection 2023 Spring,Table 1,,,,
Shinpaku Pairing,Yukino Ito,Hatsune Miku,N/A,VIRTUAL SINGER,No,2023/07/14,15th Proseka NEXT Song Contest Winner,Table 1,,,,
Kamippoi Na,PinocchioP,Hatsune Miku,"25-ji, Nightcord de., Hatsune Miku","25-ji, Nightcord de.",No,2023/10/10,3rd Anniversary Song Campaign,Table 1,,,,
Hello Builder,Utsu-P,Hatsune Miku,N/A,VIRTUAL SINGER,No,2025/07/02,"Digital Stars 2022 Theme Song, Global server time-exclusive song",Table 1,,,,
Dear,19's Sound Factory,Hatsune Miku,N/A,VIRTUAL SINGER,No,2023/10/11,3rd Anniversary Song Campaign,Table 1,,,,
Cute na Kanojo,syudou,KAFU,"Yoisaki Kanade, Shinonome Ena, Megurine Luka","25-ji, Nightcord de.",No,2023/11/22,,Table 1,,,,
Shunran,john,Hatsune Miku,"Vivid BAD SQUAD, MEIKO",Vivid BAD SQUAD,No,2023/11/06,,Table 1,,,,
Summertime Record,Jin,Hatsune Miku,"Hoshino Ichika, Tenma Saki, Megurine Luka",Leo/need,No,2023/08/15,,Table 1,,,,
Tokyo Teddy Bear,Neru,Kagamine Rin,"Leo/need, Kagamine Rin",Leo/need,Yes,2024/05/13,Project SEKAI World Championship 2024 Spring Final Round Song,Table 1,,,,
Disco No.39,Rulmry.,Hatsune Miku,N/A,VIRTUAL SINGER,No,2023/08/10,16th Proseka NEXT Song Contest Winner,Table 1,,,,
Manimani,r-906,Hatsune Miku,N/A,VIRTUAL SINGER,No,2023/10/03,3rd Anniversary Song Campaign,Table 1,,,,
Envy Baby,Kanaria,GUMI,"25-ji, Nightcord de., Kagamine Rin","25-ji, Nightcord de.",Yes,2024/01/03,New Year's Song Campaign (2023-2024),Table 1,,,,
Tsugai Kogarashi,hinayukki@sigotositeP,"MEIKO, KAITO",N/A,VIRTUAL SINGER,No,2023/10/09,3rd Anniversary Song Campaign,Table 1,,,,
Hajimete no Koi ga Owaru Toki,ryo,Hatsune Miku,"Leo/need, Hatsune Miku",Leo/need,No,2023/12/28,New Year's Song Campaign (2023-2024),Table 1,,,,
CIRCUS PANIC!!!,Satsuki,Hatsune Miku,N/A,VIRTUAL SINGER,No,2023/09/04,16th Proseka NEXT Song Contest Winner,Table 1,,,,
Marshall Maximizer,Hiiragi Magnetite,KAFU,"Vivid BAD SQUAD, Megurine Luka",Vivid BAD SQUAD,Yes,2024/01/29,,Table 1,,,,
Devil Janai Mon,"DECO*27, PinocchioP",Hatsune Miku,N/A,VIRTUAL SINGER,No,2023/10/07,3rd Anniversary Song Campaign,Table 1,,,,
Sayonara Princess,Kai,Hatsune Miku,"MORE MORE JUMP!, Hatsune Miku",MORE MORE JUMP!,No,2023/12/04,,Table 1,,,,
HERO,"Ayase, Rockwell (arranger)",Hatsune Miku,N/A,VIRTUAL SINGER,No,2023/09/01,Magical Mirai 2023 Theme Song,Table 1,,,,
Lucky☆Orb,emon(Tes.),Hatsune Miku,N/A,VIRTUAL SINGER,No,2023/09/25,MIKU EXPO 5th Anniversary Theme Song,Table 1,,,,
Kuu ni Naru,MIMI,"Hatsune Miku, KAFU","MORE MORE JUMP!, MEIKO",MORE MORE JUMP!,No,2024/01/05,New Year's Song Campaign (2023-2024),Table 1,,,,
Kinmokusei,Kujira,flower,"Vivid BAD SQUAD, Kagamine Len",Vivid BAD SQUAD,No,2023/12/30,New Year's Song Campaign (2023-2024),Table 1,,,,
imaginary love story,Synthion,Hatsune Miku,N/A,VIRTUAL SINGER,No,2025/07/03,"MIKU EXPO 2023 VR Theme Song, Global server time-exclusive song",Table 1,,,,
Cool Me Down,Mwk,Megurine Luka,N/A,VIRTUAL SINGER,No,2023/10/16,17th Proseka NEXT Song Contest Winner,Table 1,,,,
On&On,Mellowcle,MEIKO,N/A,VIRTUAL SINGER,No,2023/11/13,17th Proseka NEXT Song Contest Winner,Table 1,,,,
Nh-Uh-Uh.,SLAVE.V-V-R,Hatsune Miku,N/A,VIRTUAL SINGER,No,2024/01/04,New Year's Song Campaign (2023-2024),Table 1,,,,
flos,R Sound Design,Hatsune Miku,"MORE MORE JUMP!, Hatsune Miku",MORE MORE JUMP!,Yes,2024/03/11,,Table 1,,,,
Kyoufuu All Back,Yukopi,Kaai Yuki,"Wonderlands×Showtime, Kagamine Rin",Wonderlands×Showtime,No,2024/01/01,New Year's Song Campaign (2023-2024),Table 1,,,,
Hiasobi,Camellia,Hatsune Miku,N/A,VIRTUAL SINGER,No,2024/01/02,New Year's Song Campaign (2023-2024),Table 1,,,,
1000-nen Ikiteru,iyowa,Hatsune Miku,"Wonderlands×Showtime, Megurine Luka",Wonderlands×Showtime,Yes,2024/03/25,,Table 1,,,,
Relay Outer,inabakumori,Kaai Yuki,N/A,VIRTUAL SINGER,No,2024/02/03,1st rank in TOP 100 Category of The VOCALOID Collection 2023 Summer,Table 1,,,,
Kosho Yashiki Satsujin Jiken,Teniwoha,Hatsune Miku,"Wonderlands×Showtime, KAITO",Wonderlands×Showtime,No,2024/02/22,,Table 1,,,,
"Eh? Ah, Sou.",Chouchou-P,Hatsune Miku,"Vivid BAD SQUAD, Hatsune Miku",Vivid BAD SQUAD,No,2024/02/01,,Table 1,,,,
Hide and Seek,19's Sound Factory,Hatsune Miku,"Hoshino Ichika, Mochizuki Honami, Hatsune Miku",Leo/need,No,2024/01/09,,Table 1,,,,
Issen Kounen,iyowa,"Hatsune Miku, flower, Kaai Yuki, GUMI, KAFU, SEKAI, Adachi Rei, RIME, Hanakuma Chifuyu, VY1, SOLARIA",N/A,VIRTUAL SINGER,No,2023/12/31,New Year's Song Campaign (2023-2024),Table 1,,,,
Yoidore Shirazu,Kanaria,GUMI,"Vivid BAD SQUAD, MEIKO",Vivid BAD SQUAD,Yes,2024/04/15,,Table 1,,,,
Ringo Uri no Utakata Shoujo,yukkedoluce,GUMI,"Hoshino Ichika, Tenma Saki, Kagamine Len",Leo/need,No,2024/07/17,,Table 1,,,,
Syndrome,Miyamori Bungaku,Hatsune Miku,N/A,VIRTUAL SINGER,No,2024/01/22,18th Proseka NEXT Song Contest Winner,Table 1,,,,
Overcode,ienu,Hatsune Miku,N/A,VIRTUAL SINGER,No,2023/12/22,18th Proseka NEXT Song Contest Winner,Table 1,,,,
folern,nulut,N/A,N/A,N/A,No,2024/01/11,Project SEKAI×CHUNITHM LUMINOUS Collaboration,Table 1,,,,
Sage,Camellia,N/A,N/A,N/A,No,2024/01/18,Project SEKAI×maimai Deluxe BUDDiES Collaboration,Table 1,,,,
MarbleBlue.,MisoilePunch♪,N/A,N/A,N/A,No,2024/01/25,Project SEKAI×O.N.G.E.K.I. bright MEMORIA Collaboration,Table 1,,,,
Netsu Ijou,iyowa,Adachi Rei,"25-ji, Nightcord de., KAITO","25-ji, Nightcord de.",Yes,2024/05/17,,Table 1,,,,
Electric Angel,Yasuo,Hatsune Miku,N/A,VIRTUAL SINGER,No,2024/03/30,3.5th Anniversary Song Campaign,Table 1,,,,
Dokuzu,NAKISO,Kaai Yuki,"Asahina Mafuyu, Shinonome Ena, Hatsune Miku","25-ji, Nightcord de.",No,2024/03/04,,Table 1,,,,
Kibou no Tsuki,nakyamurya,Yuzuki Yukari,"Leo/need, MEIKO",Leo/need,No,2024/03/27,,Table 1,,,,
Batsubyou,Nanahoshi Orchestra,Megurine Luka,"Leo/need, Megurine Luka",Leo/need,Yes,2024/06/03,,Table 1,,,,
Odorobo,Umicha,"Kotonoha Akane, Kotonoha Aoi, Zundamon",N/A,VIRTUAL SINGER,No,2024/02/04,1st rank in Rookie Category of The VOCALOID Collection 2023 Summer,Table 1,,,,
Red Land Marker,Twinfield,MEIKO,N/A,VIRTUAL SINGER,No,2024/03/31,3.5th Anniversary Song Campaign,Table 1,,,,
Happy Cheat Day,"rerulili, tepe (arranger)",Hatsune Miku,N/A,VIRTUAL SINGER,No,2024/02/10,SNOW MIKU 2024 Theme Song,Table 1,,,,
Intergalactic Bound,"Yunosuke, CircusP",Hatsune Miku,N/A,VIRTUAL SINGER,No,2025/07/04,"MIKU EXPO 10th Anniversary Theme Song, Global server time-exclusive song",Table 1,,,,
Garnet no Namida,Kashii Moimi,KAITO,N/A,VIRTUAL SINGER,No,2024/04/03,3.5th Anniversary Song Campaign,Table 1,,,,
Ai no Uta,Daibakuhashin,"Hatsune Miku, Kasane Teto",N/A,VIRTUAL SINGER,No,2024/04/02,3.5th Anniversary Song Campaign,Table 1,,,,
Juuroku Sai no Shinzou,TakoyakiKZY,Hatsune Miku,N/A,VIRTUAL SINGER,No,2024/02/13,19th Proseka NEXT Song Contest Winner,Table 1,,,,
Lag Train,inabakumori,Kaai Yuki,"Yoisaki Kanade, Akiyama Mizuki, MEIKO","25-ji, Nightcord de.",No,2024/02/29,,Table 1,,,,
Hajimete no Oto,malo,Hatsune Miku,N/A,VIRTUAL SINGER,No,2024/03/09,Miku Day 2024,Table 1,,,,
Mind Brand,MARETU,Hatsune Miku,"25-ji, Nightcord de., Hatsune Miku","25-ji, Nightcord de.",Yes,2024/07/29,,Table 1,,,,
Chigau!!!,Carlos Hakamada,"Hatsune Miku, Otomachi Una","Wonderlands×Showtime, Hatsune Miku",Wonderlands×Showtime,Yes,2024/09/02,,Table 1,,,,
Shadow Shadow,Azari,flower,"25-ji, Nightcord de., Kagamine Len","25-ji, Nightcord de.",Yes,2024/10/09,4th Anniversary Song Campaign,Table 1,,,,
Mozaik Role (Reloaded),DECO*27,Hatsune Miku,"Leo/need, KAITO",Leo/need,Yes,2024/10/01,4th Anniversary Song Campaign,Table 1,,,,
Ochame Kinou,LamazeP (GojimajiP),Kasane Teto,"Wonderlands×Showtime, Kagamine Len",Wonderlands×Showtime,No,2024/05/07,,Table 1,,,,
Meikyou Shisui,Tabiji,Hatsune Miku,N/A,VIRTUAL SINGER,No,2024/03/08,19th Proseka NEXT Song Contest Winner,Table 1,,,,
Dame Ningen da!,Usushioshisuu,Kasane Teto,"MORE MORE JUMP!, Hatsune Miku",MORE MORE JUMP!,No,2024/05/24,,Table 1,,,,
A Kotoba,Sasuke Haraguchi,Hatsune Miku,N/A,VIRTUAL SINGER,No,2024/03/15,1st rank in One-Image MV Submission Festival,Table 1,,,,
Henceforth,Orangestar,IA,"Leo/need, Hatsune Miku",Leo/need,Yes,2025/01/10,,Table 1,,,,
Dandan Hayaku Naru,40mP,Hatsune Miku,N/A,VIRTUAL SINGER,No,2024/04/04,3.5th Anniversary Song Campaign,Table 1,,,,
Ogyarinizer,Ponchi♪,Hatsune Miku,N/A,VIRTUAL SINGER,No,2024/04/19,2nd Proseka ULTIMATE Song Contest Winner,Table 1,,,,
Daijoubu Desu Ka?,cosMo@BousouP,Hatsune Miku,N/A,VIRTUAL SINGER,No,2024/07/09,2nd Proseka ULTIMATE Song Contest Winner,Table 1,,,,
Memoria,Aira,Hatsune Miku,N/A,VIRTUAL SINGER,No,2024/10/21,2nd Proseka ULTIMATE Song Contest Winner,Table 1,,,,
Rumor,Police Piccadilly,GUMI,"Vivid BAD SQUAD, KAITO",Vivid BAD SQUAD,Yes,2025/02/21,,Table 1,,,,
Cat Loving,Kashii Moimi,KAFU,"Yoisaki Kanade, Shinonome Ena, Megurine Luka","25-ji, Nightcord de.",Yes,2024/11/13,,Table 1,,,,
Kyou mo Harebare,Fuwari-P,GUMI,"Wonderlands×Showtime, Kagamine Rin",Wonderlands×Showtime,No,2024/06/10,,Table 1,,,,
Poppin' Candy☆Fever!,kinoshita,"Otomachi Una, Kagamine Rin","MORE MORE JUMP!, Kagamine Rin",MORE MORE JUMP!,No,2024/07/01,,Table 1,,,,
Superhero,Guiano,IA,"Kiritani Haruka, Momoi Airi, KAITO",MORE MORE JUMP!,No,2024/09/09,,Table 1,,,,
Silver Collector,Shu,Megurine Luka,N/A,VIRTUAL SINGER,No,2024/04/22,20th Proseka NEXT Song Contest Winner,Table 1,,,,
Konton Boogie,jon-YAKITORY,Hatsune Miku,"Wonderlands×Showtime, KAITO",Wonderlands×Showtime,Yes,2024/12/29,"Project SEKAI Championship 2024 Autumn song,New Year's Song Campaign (2024-2025)",Table 1,,,,
Bad Apple!! feat. SEKAI,"beatMARIO (COOL&CREATE), Maron, ZUN, Minoshima Masayoshi, Marasy, Haruka",Hatsune Miku,"25-ji, Nightcord de., Hatsune Miku","25-ji, Nightcord de.",No,2024/05/04,Project SEKAI×Touhou Project Collaboration,Table 1,,,,
"Help me, ERINNNNNN!!","beatMARIO (COOL&CREATE), Maron, ZUN","Hatsune Miku, Kagamine Rin, Kagamine Len, Megurine Luka, MEIKO, KAITO",N/A,VIRTUAL SINGER,No,2024/05/05,Project SEKAI×Touhou Project Collaboration,Table 1,,,,
Chou Saishuu Kichiku Imouto Flandre S,"beatMARIO (COOL&CREATE), Maron, ZUN",N/A,N/A,N/A,No,2024/05/03,Project SEKAI×Touhou Project Collaboration,Table 1,,,,
I know Ainou.,Yoshida Yasei,Hatsune Miku,N/A,VIRTUAL SINGER,No,2024/05/20,20th Proseka NEXT Song Contest Winner,Table 1,,,,
Call Boy,syudou,Hatsune Miku,"Shinonome Akito, Aoyagi Toya, Hatsune Miku",Vivid BAD SQUAD,No,2024/10/05,4th Anniversary Song Campaign,Table 1,,,,
QUEEN,Kanaria,GUMI,"Otori Emu, Kusanagi Nene, MEIKO",Wonderlands×Showtime,No,2024/08/26,,Table 1,,,,
Liar Dancer,Masarada,Kasane Teto,"Wonderlands×Showtime, KAITO",Wonderlands×Showtime,Yes,2025/03/10,,Table 1,,,,
Shippaisaku Shoujo,Kairiki Bear,Hatsune Miku,"25-ji, Nightcord de., MEIKO","25-ji, Nightcord de.",Yes,2025/05/12,"Was intended to be released on 25/2/25, delayed due to a bug",Table 1,,,,
Kisaragi Attention,Jin,Hatsune Miku,"MORE MORE JUMP!, Megurine Luka",MORE MORE JUMP!,No,2024/10/03,4th Anniversary Song Campaign,Table 1,,,,
Gousei Suru Mirai,Asyu,Hatsune Miku,N/A,VIRTUAL SINGER,No,2024/06/24,21st Proseka NEXT Song Contest Winner,Table 1,,,,
CH4NGE,"Giga, q*left (lyricist)",KAFU,"Vivid BAD SQUAD, Kagamine Rin",Vivid BAD SQUAD,No,2025/01/01,New Year's Song Campaign (2024-2025),Table 1,,,,
Igaku,Sasuke Haraguchi,Kasane Teto,N/A,VIRTUAL SINGER,No,2024/08/03,1st rank in TOP 100 Category of The VOCALOID Collection 2024 Winter,Table 1,,,,
Achikochi Date-san,Dagashi Ogata,Merrow,N/A,VIRTUAL SINGER,No,2024/08/04,1st rank in Rookie Category of The VOCALOID Collection 2024 Winter,Table 1,,,,
Merry Go Round,Negi Shower-P,"Hatsune Miku, KAITO",N/A,VIRTUAL SINGER,No,2024/07/22,21st Proseka NEXT Song Contest Winner,Table 1,,,,
Mikaboshi,3106.,KAITO,N/A,VIRTUAL SINGER,No,2024/12/02,,Table 1,,,,
Toumei Elegy,n-buna,GUMI,"Leo/need, Kagamine Len",Leo/need,Yes,2025/03/17,,Table 1,,,,
Override,Yoshida Yasei,Kasane Teto,"MORE MORE JUMP!, Kagamine Rin",MORE MORE JUMP!,Yes,2025/03/07,,Table 1,,,,
WAVE,niki,Lily,"Vivid BAD SQUAD, Megurine Luka",Vivid BAD SQUAD,No,2024/08/13,,Table 1,,,,
Kimi to Boku no Resonance,Nanameue-P,MEIKO,N/A,VIRTUAL SINGER,No,2024/10/06,"MEIKO 15th Anniversary Theme Song,4th Anniversary Song Campaign",Table 1,,,,
Antenna 39,Hiiragi Magnetite,Hatsune Miku,N/A,VIRTUAL SINGER,No,2024/08/30,Magical Mirai 2024 Theme Song,Table 1,,,,
Suisei no Kuni,Matsushita Leo,Hatsune Miku,N/A,VIRTUAL SINGER,No,2024/08/19,22nd Proseka NEXT Song Contest Winner,Table 1,,,,
Culture,Tsumiki,Hatsune Miku,N/A,VIRTUAL SINGER,No,2024/09/13,,Table 1,,,,
Cat Food,doriko,Hatsune Miku,"MORE MORE JUMP!, Hatsune Miku",MORE MORE JUMP!,No,2024/10/15,,Table 1,,,,
Mesmerizer,Satsuki,"Hatsune Miku, Kasane Teto",N/A,VIRTUAL SINGER,No,2024/10/02,4th Anniversary Song Campaign,Table 1,,,,
Layer Note,Yoshida Yoshiyuki,Hatsune Miku,N/A,VIRTUAL SINGER,No,2024/09/17,22nd Proseka NEXT Song Contest Winner,Table 1,,,,
Tensei Ringo,PinocchioP,Hatsune Miku,"Wonderlands×Showtime, Hatsune Miku",Wonderlands×Showtime,No,2024/10/07,4th Anniversary Song Campaign,Table 1,,,,
World Lampshade (reunion),buzzG,GUMI,"Leo/need, KAITO",Leo/need,No,2025/01/03,New Year's Song Campaign (2024-2025),Table 1,,,,
Fire◎Flower (Rerec),halyosy,Kagamine Len,"Shinonome Akito, Aoyagi Toya, Tenma Tsukasa, Kamishiro Rui, Kagamine Len, KAITO",Mixed,Yes,2025/03/02,Surprise performed at theConnect Live Special Edition - Ensemble in SEKAIlive,Table 1,,,,
Hana ni Kaze,Balloon,Hatsune Miku,"Vivid BAD SQUAD, Hatsune Miku",Vivid BAD SQUAD,Yes,2025/04/08,,Table 1,,,,
Main Character,*Luna,Kagamine Len,N/A,VIRTUAL SINGER,No,2024/10/04,4th Anniversary Song Campaign,Table 1,,,,
Blackjack,YuchaP,Megurine Luka,N/A,VIRTUAL SINGER,No,2024/10/08,4th Anniversary Song Campaign,Table 1,,,,
Mousou Aspartame,picco,Hatsune Miku,"MORE MORE JUMP!, MEIKO",MORE MORE JUMP!,No,2024/11/05,,Table 1,,,,
Nouten,Murata Shiyuu,Kagamine Rin,N/A,VIRTUAL SINGER,No,2024/10/28,23rd Proseka NEXT Song Contest Winner,Table 1,,,,
Shuuen Touhikou,Hiiragi Magnetite,Hatsune Miku,"Leo/need, Megurine Luka",Leo/need,No,2025/02/01,,Table 1,,,,
M@GICAL☆CURE! LOVE ♥ SHOT!,SAWTOWNE,Hatsune Miku,N/A,VIRTUAL SINGER,No,2025/07/01,"MIKU EXPO 10th Anniversary Song Contest Grand Prize, Global server time-exclusive song",Table 1,,,,
Parry,Miyamori Bungaku,"Kagamine Rin, Kagamine Len",N/A,VIRTUAL SINGER,No,2024/11/25,23rd Proseka NEXT Song Contest Winner,Table 1,,,,
snooze,wotaku,Hatsune Miku,"MORE MORE JUMP!, Kagamine Len",MORE MORE JUMP!,No,2025/01/02,"Project SEKAI Championship 2024 Autumn song, New Year's Song Campaign (2024-2025)",Table 1,,,,
Saihate,Kobayashi Onyx,Hatsune Miku,"25-ji, Nightcord de., Hatsune Miku","25-ji, Nightcord de.",No,2025/01/05,New Year's Song Campaign (2024-2025),Table 1,,,,
Hanaobore,shikisai,"Hatsune Miku, Kanade Kanon","Vivid BAD SQUAD, Hatsune Miku",Vivid BAD SQUAD,No,2024/12/23,Project SEKAI Academywinner,Table 1,,,,
No da,Daibakuhashin,"Hatsune Miku, Kasane Teto, Zundamon",N/A,VIRTUAL SINGER,No,2025/01/04,"Project SEKAI Championship 2024 Autumn song, New Year's Song Campaign (2024-2025)",Table 1,,,,
Protodisco,nulut,flower,N/A,VIRTUAL SINGER,No,2024/12/31,"Project SEKAI Championship 2024 Autumn song, New Year's Song Campaign (2024-2025)",Table 1,,,,
Ángel,Kairiki Bear,Meika Mikoto,N/A,VIRTUAL SINGER,No,2024/12/30,"Project SEKAI Championship 2024 Autumn song, New Year's Song Campaign (2024-2025)",Table 1,,,,
Natsu ni Toumei,Twinfield,Hatsune Miku,N/A,VIRTUAL SINGER,No,2025/01/21,24th Proseka NEXT Song Contest Winner,Table 1,,,,
Panda Hero,Hachi,GUMI,N/A,VIRTUAL SINGER,No,2025/01/22,Hachi Tie-In,Table 1,,,,
Musunde Hiraite Rasetsu to Mukuro,Hachi,Hatsune Miku,N/A,VIRTUAL SINGER,No,2025/01/23,Hachi Tie-In,Table 1,,,,
Secret Seeker,YAMAGISHI KOJI,Hatsune Miku,N/A,VIRTUAL SINGER,No,2024/12/16,24th Proseka NEXT Song Contest Winner,Table 1,,,,
Mikazuki Step,r-906,Hatsune Miku,"Azusawa Kohane, Shirashi An, MEIKO",Vivid BAD SQUAD,No,2025/03/03,,Table 1,,,,
Chuubyou Gekihatsu Boy,rerulili,Kagamine Len,"Tenma Tsukasa, Kamishiro Rui, Kagamine Len",Wonderlands×Showtime,No,2025/01/14,,Table 1,,,,
Rule Book,Fujiwara Hagane,Hatsune Miku,N/A,VIRTUAL SINGER,No,2025/02/12,25th Proseka NEXT Song Contest Winner,Table 1,,,,
Planet Hero,"D-D-Dice, irucaice",Hatsune Miku,N/A,VIRTUAL SINGER,No,2025/03/14,25th Proseka NEXT Song Contest Winner,Table 1,,,,
Balleriko,MikitoP,GUMI,N/A,VIRTUAL SINGER,No,2025/04/05,4.5th Anniversary Song Campaign,Table 1,,,,
Manhattan,wotaku,MEIKO,N/A,VIRTUAL SINGER,No,2025/04/03,4.5th Anniversary Song Campaign,Table 1,,,,
Yoshiwara Lament -Sairai-ban-,Asa,Kasane Teto,N/A,VIRTUAL SINGER,No,2025/04/02,4.5th Anniversary Song Campaign,Table 1,,,,
Queen of Hearts,Kanon69,Megurine Luka,N/A,VIRTUAL SINGER,No,2025/04/04,4.5th Anniversary Song Campaign,Table 1,,,,
Crystal Snow,Aqu3ra,Hatsune Miku,N/A,VIRTUAL SINGER,No,2025/02/08,SNOW MIKU 2025 Theme Song,Table 1,,,,
Call!!,Matsubi,KAITO,N/A,VIRTUAL SINGER,No,2025/03/31,4.5th Anniversary Song Campaign,Table 1,,,,
Envy Catwalk,Tohma,Hatsune Miku,"Leo/need, Hatsune Miku",Leo/need,No,2025/05/26,,Table 1,,,,
Do Re Mi Fa Rondo,40mP,Hatsune Miku,"Wonderlands×Showtime, Megurine Luka",Wonderlands×Showtime,No,2025/03/24,,Table 1,,,,
Packaged,kz (livetune),Hatsune Miku,N/A,VIRTUAL SINGER,No,2025/03/09,Miku Day 2025,Table 1,,,,
Suicide Parade,YurryCanon,GUMI,"25-ji, Nightcord de., KAITO","25-ji, Nightcord de.",No,2025/04/14,,Table 1,,,,
Mawaru Sora Usagi,Orangestar,Hatsune Miku,"Hanasato Minori, Hinomori Shizuku, Megurine Luka",MORE MORE JUMP!,No,2025/04/22,,Table 1,,,,
Hoshizora Melancholia,yuichi NAGAO,Hatsune Miku,N/A,VIRTUAL SINGER,No,2025/04/18,26th Proseka NEXT Song Contest Winner,Table 1,,,,
Connecting,halyosy,"Hatsune Miku, Kagamine Rin, Kagamine Len, Megurine Luka, MEIKO, KAITO",N/A,VIRTUAL SINGER,No,2025/05/23,,Table 1,,,,
Shama,Niru Kajitsu,flower,"Vivid BAD SQUAD, Kagamine Len",Vivid BAD SQUAD,No,2025/05/09,,Table 1,,,,
Cho-Night of Knights/Knight of Nights,"beatMARIO (COOL&CREATE), Maron, ZUN",N/A,N/A,N/A,No,2025/05/05,Project SEKAI×Touhou Project Collaboration,Table 1,,,,
Touhou☆Wonderland,"beatMARIO (COOL&CREATE), Maron, ZUN, Tokyo Active NEETs","Hatsune Miku, Kagamine Rin, Kagamine Len, Megurine Luka, MEIKO, KAITO","Wonderlands×Showtime, Hatsune Miku, KAITO",Wonderlands×Showtime,No,2025/05/04,Project SEKAI×Touhou Project Collaboration,Table 1,,,,
Cirno no Perfect Sansuu Gakuen,"beatMARIO (COOL&CREATE), Maron, ZUN,  Yoshimi Youno, ARM","Hatsune Miku, Kagamine Rin, Kagamine Len, Megurine Luka, MEIKO, KAITO",N/A,VIRTUAL SINGER,No,2025/05/03,Project SEKAI×Touhou Project Collaboration,Table 1,,,,
"Kono Fuzaketa Subarashiki Sekai wa, Boku no Tame ni Aru",n.k,Hatsune Miku,"Wonderlands×Showtime, MEIKO",Wonderlands×Showtime,No,2025/06/09,,Table 1,,,,
Fish and Tips,Dopam!ne,Hatsune Miku,N/A,VIRTUAL SINGER,No,2025/05/19,26th Proseka NEXT Song Contest Winner,Table 1,,,,
Tetoris,Hiiragi Magnetite,Kasane Teto,N/A,VIRTUAL SINGER,No,2025/06/02,,Table 1,,,,
Monitoring,"DECO*27, Hayato Yamamoto (arranger)",Hatsune Miku,N/A,VIRTUAL SINGER,No,2025/06/16,,Table 1,,,,
Niwashi no Ohanashi ni yoru to,InoutsuhaSA,Hatsune Miku,N/A,VIRTUAL SINGER,No,2025/06/23,27th Proseka NEXT Song Contest Winner,Table 1,,,,
Explore,Haru-ichiban,Hatsune Miku,N/A,VIRTUAL SINGER,No,2025/07/18,27th Proseka NEXT Song Contest Winner,Table 1,,,,
Waraetara Ee yan!,inno,"Kagamine Rin, Kagamine Len",N/A,VIRTUAL SINGER,No,2025/07/07,Short Song Contest: Proseka 60sec Contest Winner,Table 1,,,,
"Kaben, Sore ni Matsuwaru Onsei",Avaraya,Hatsune Miku,N/A,VIRTUAL SINGER,No,2025/08/02,1st rank in TOP 100 Category of The VOCALOID Collection 2025 Winter,Table 1,,,,
Marionette Dancer,Hiragi,Hatsune Miku,N/A,VIRTUAL SINGER,No,2025/08/03,1st rank in Rookie Category of The VOCALOID Collection 2025 Winter,Table 1,,,,
Ikiru,Mizuno Atsu,KAFU,"Yoisaki Kanade, Akiyama Mizuki, MEIKO","25-ji, Nightcord de.",No,2025/07/28,,Table 1,,,,
Life Will Change,"Benjamin Franklin, Shoji Meguro, nulut","Hatsune Miku, Kagamine Rin, Kagamine Len",N/A,VIRTUAL SINGER,No,2025/08/04,Project SEKAI×Persona 5 Royal Collaboration,Table 1,,,,
Sekai wa Mada Hajimatte sura Inai,PinocchioP,Hatsune Miku,"Wonderlands×Showtime, Hatsune Miku",Wonderlands×Showtime,Yes,2020/09/30,Wonderlands×Showtime's image song,Table 2,,,,
Potato ni Natteiku,Neru,"Kagamine Rin, Kagamine Len","Wonderlands×Showtime, Hatsune Miku",Wonderlands×Showtime,Yes,2020/11/07,Full Power! Wonder Halloween!event song,Table 2,,,,
Ready Steady,Gigaq*Left (lyricist),"Hatsune Miku, Kagamine Rin, Kagamine Len","Vivid BAD SQUAD, Hatsune Miku",Vivid BAD SQUAD,Yes,2020/09/30,Vivid BAD SQUAD's image song,Table 2,,,,
Forward,R Sound Design,Hatsune Miku,"Vivid BAD SQUAD, Hatsune Miku",Vivid BAD SQUAD,Yes,2020/12/08,"Someday, With Our Lyrics Joined Back-to-Backevent song",Table 2,,,,
Idol Shineitai,Mitchie M,"Hatsune Miku, Kagamine Rin, Megurine Luka, MEIKO","MORE MORE JUMP!, Hatsune Miku",MORE MORE JUMP!,Yes,2020/09/30,MORE MORE JUMP!'s image song,Table 2,,,,
Kuyamu to Kaite Mirai,Mafumafu,Hatsune Miku,"25-ji, Nightcord de., Hatsune Miku","25-ji, Nightcord de.",Yes,2020/09/30,"25-ji, Nightcord de.'s image song",Table 2,,,,
Keitai Renwa,Mafumafu,N/A,"Hatsune Miku, Shinonome Ena, Akiyama Mizuki","25-ji, Nightcord de.",No,2020/10/15,"Sekai original unit song, 20 Consecutive Days! Daily Song Campaign",Table 2,,,,
Jackpot Sad Girl,syudou,Hatsune Miku,"25-ji, Nightcord de., Hatsune Miku","25-ji, Nightcord de.",No,2020/10/20,"Imprisoned Marionetteevent song, 20 Consecutive Days! Daily Song Campaign",Table 2,,,,
needLe,DECO*27Rockwell (arranger),Hatsune Miku,"Leo/need, Hatsune Miku",Leo/need,Yes,2020/09/30,Leo/need's image song,Table 2,,,,
Stella,Jin,Hatsune Miku,"Leo/need, Hatsune Miku",Leo/need,Yes,2020/10/18,"Stella After the Rainevent song, 20 Consecutive Days! Daily Song Campaign",Table 2,,,,
Sekai,DECO*27 × Horie Shota(kemu)Rockwell (arranger),Hatsune Miku,"Hatsune Miku, Hoshino Ichika, Tenma Tsukasa, Yoisaki Kanade",Mixed,Yes,2020/09/30,Theme Song,Table 2,,,,
Wah Wah World,Giga × Mitchie M,"Hatsune Miku, Kagamine Rin","Hatsune Miku, Hanasato Minori, Azusawa Kohane",Mixed,Yes,2020/09/30,Theme Song,Table 2,,,,
Color of Drops,40mP,Hatsune Miku,"MORE MORE JUMP!, Megurine Luka",MORE MORE JUMP!,Yes,2021/01/29,Color of Myself!event song,Table 2,,,,
Kagirinaku Haiiro e,Surii,Kagamine Len,"25-ji, Nightcord de., Kagamine Rin","25-ji, Nightcord de.",Yes,2021/02/26,Unsatisfied Pale Colorevent song,Table 2,,,,
Hare o Matsu,Orangestar,Hatsune Miku,"Leo/need, Hatsune Miku",Leo/need,No,2021/01/10,"Though Wavering, You Continue Moving Forwardevent song",Table 2,,,,
More! Jump! More!,NayutalieN,Hatsune Miku,"MORE MORE JUMP!, Hatsune Miku",MORE MORE JUMP!,No,2020/11/19,Let's RE:START From Here!event song,Table 2,,,,
RAD DOGS,Hachioji-Pq*Left (lyricist),"Hatsune Miku, Kagamine Rin, Kagamine Len","Vivid BAD SQUAD, Hatsune Miku",Vivid BAD SQUAD,No,2021/01/31,Period of NOCTURNEevent song,Table 2,,,,
Nijiiro Stories,OSTER project,"Hatsune Miku, Kagamine Rin, Kagamine Len, Megurine Luka, MEIKO, KAITO","Kusanagi Nene, Kamishiro Rui, MEIKO, KAITO",Wonderlands×Showtime,No,2020/12/20,"On a Holy Night, with This Singing Voiceevent song",Table 2,,,,
Once Upon a Dream,YASUHIRO,Kagamine Rin,"Wonderlands×Showtime, Kagamine Len",Wonderlands×Showtime,No,2021/02/28,Smile of Dreamerevent song,Table 2,,,,
Tenshi no Clover,DIVELA,Kagamine Rin,"MORE MORE JUMP!, Kagamine Rin",MORE MORE JUMP!,Yes,2021/03/30,Let's Deliver! HOPEFUL STAGE ♪event song,Table 2,,,,
ID Smile,Toa,"Hatsune Miku, Kagamine Rin","25-ji, Nightcord de., MEIKO","25-ji, Nightcord de.",Yes,2021/04/19,Secret Distanceevent song,Table 2,,,,
Cinema,Ayase,Hatsune Miku,"Vivid BAD SQUAD, KAITO",Vivid BAD SQUAD,Yes,2021/05/08,STRAY BAD DOGevent song,Table 2,,,,
Tondemo Wonders,sasakure.UK,"Hatsune Miku, KAITO","Wonderlands×Showtime, KAITO",Wonderlands×Showtime,Yes,2021/06/19,Wonder Magical Showtime!event song,Table 2,,,,
From Tokyo,Natsushiro Takaaki,Hatsune Miku,"Leo/need, Hatsune Miku",Leo/need,Yes,2021/07/07,Unnamed Harmonyevent song,Table 2,,,,
「１」,164,Megurine Luka,"Leo/need, Megurine Luka",Leo/need,No,2021/04/21,Resonate with youevent song,Table 2,,,,
Ice Drop,aqu3ra,Hatsune Miku,"MORE MORE JUMP!, Kagamine Len",MORE MORE JUMP!,Yes,2021/08/18,Happy Lovely Everyday!event song,Table 2,,,,
Gunjou Sanka,EveNuma (arranger),Hatsune Miku,"Hoshino Ichika, Hanasato Minori, Azusawa Kohane, Tenma Tsukasa, Yoisaki Kanade, Hatsune Miku",Mixed,Yes,2021/09/30,1st Anniversary Song,Table 2,,,,
Saisei,Picon,Hatsune Miku,"25-ji, Nightcord de., Kagamine Rin","25-ji, Nightcord de.",Yes,2021/09/29,Mirage of lightsevent song,Table 2,,,,
Ai no Material,Junky,"Hatsune Miku, Kagamine Rin","MORE MORE JUMP!, MEIKO",MORE MORE JUMP!,No,2021/05/21,Break Time for the Hardworking You!event song,Table 2,,,,
Kanade Tomosu Sora,Sasanomaly,Hatsune Miku,"25-ji, Nightcord de., Megurine Luka","25-ji, Nightcord de.",No,2021/06/21,Carnation Recollectionevent song,Table 2,,,,
Beat Eater,Police Piccadilly,Hatsune Miku,"Vivid BAD SQUAD, Kagamine Len",Vivid BAD SQUAD,No,2021/07/09,Awakening Beatevent song,Table 2,,,,
STAGE OF SEKAI,HarryP,Hatsune Miku,"Leo/need, Kagamine Len",Leo/need,Yes,2021/11/18,"Unwavering Feelings, Now Put Into Wordsevent song",Table 2,,,,
Showtime Ruler,Karasuyasabou,Kagamine Rin,"Wonderlands×Showtime, Kagamine Rin",Wonderlands×Showtime,Yes,2021/10/29,Revival my dreamevent song,Table 2,,,,
magic number,Ito Kent (21SeikiP)OSTER project (arranger),Hatsune Miku,N/A,VIRTUAL SINGER,No,2021/09/01,,Table 2,,,,
Glory Steady Go!,kinoshita,Hatsune Miku,"Wonderlands×Showtime, Megurine Luka",Wonderlands×Showtime,No,2021/08/20,Mesmerized by Mermaidsevent song,Table 2,,,,
Ryuusei no Pulse,*Luna,Kagamine Len,"Leo/need, MEIKO",Leo/need,No,2021/09/10,Knock the Future!!event song,Table 2,,,,
MACHINEGUN POEM DOLL,cosMo@BousouP,Hatsune Miku,N/A,VIRTUAL SINGER,No,2021/10/03,Extra 1st Anniversary Song Campaign,Table 2,,,,
Nikkori^^ Chousatai no Theme,WONDERFUL☆OPPORTUNITY!,"Kagamine Rin, Kagamine Len","Wonderlands×Showtime, Hatsune Miku",Wonderlands×Showtime,Yes,2022/01/19,POP IN MY HEART!!event song,Table 2,,,,
Mirai,Yuukisan,Hatsune Miku,"Vivid BAD SQUAD, Megurine Luka",Vivid BAD SQUAD,Yes,2021/12/29,"Same Dreams,Same Colorsevent song, New Year's Song Campaign (2021-2022)",Table 2,,,,
Flyer!,Chinozo,flower,"Vivid BAD SQUAD, Kagamine Len",Vivid BAD SQUAD,Yes,2022/02/16,Legend still vividevent song,Table 2,,,,
Lower,nulut,flower,"25-ji, Nightcord de., MEIKO","25-ji, Nightcord de.",No,2021/10/31,"My Footprints, Your Destinationevent song",Table 2,,,,
Nomad,balloon,flower,"25-ji, Nightcord de., Kagamine Rin","25-ji, Nightcord de.",Yes,2022/03/28,"On This Blank Canvas, I Paintevent song",Table 2,,,,
Saribitotachi no Waltz,mothy,Kagamine Rin,N/A,VIRTUAL SINGER,No,2021/12/15,Project SEKAI×Aku no Taizai Series Collaboration,Table 2,,,,
Worldwide Wander,TOKOTOKO,Hatsune Miku,"MORE MORE JUMP!, KAITO",MORE MORE JUMP!,No,2021/12/10,MOREMOREMakingXmasevent song,Table 2,,,,
Order Made,Kasamura TotaMurata Yuichi (arranger),Megurine Luka,"Leo/need, Megurine Luka",Leo/need,Yes,2022/04/28,Live with memoriesevent song,Table 2,,,,
Tricologe,Niru Kajitsu,flower,"25-ji, Nightcord de., Hatsune Miku","25-ji, Nightcord de.",No,2022/01/21,"Someday, From the Depths of Despairevent song",Table 2,,,,
Peaky Peaky,Mikito-P,"Hatsune Miku, Kagamine Rin","Leo/need, KAITO",Leo/need,No,2022/02/18,"That Day, the Sky Was Far Awayevent song",Table 2,,,,
Metamo Re:born,emon(Tes.),Kagamine Rin,"MORE MORE JUMP!, Kagamine Rin",MORE MORE JUMP!,No,2022/03/11,Cast Spell on Youevent song,Table 2,,,,
If,YurryCanonTsukuyomi (arranger),Hatsune Miku,"MORE MORE JUMP!, Hatsune Miku",MORE MORE JUMP!,No,2022/05/08,Connecting Painful Hopeevent song,Table 2,,,,
Hoshizora no Melody,PolyphonicBranch,"Hatsune Miku, Kagamine Rin, Kagamine Len, MEIKO, KAITO","Wonderlands×Showtime, MEIKO",Wonderlands×Showtime,Yes,2022/06/28,A Desperate Situation!? Island Panic!event song,Table 2,,,,
Machi,jon-YAKITORY,Hatsune Miku,"Vivid BAD SQUAD, Kagamine Rin",Vivid BAD SQUAD,Yes,2022/07/19,The Vivid Old Taleevent song,Table 2,,,,
88☆彡,marasyHorie Shota (kemu),"Hatsune Miku, KAITO","Wonderlands×Showtime, KAITO",Wonderlands×Showtime,No,2022/04/11,On the Stage of Dazzling Lightevent song,Table 2,,,,
Salamander,DECO*27,Hatsune Miku,"Shinonome Akito, Shinonome Ena, Hatsune Miku",Mixed,No,2022/05/05,Cup Noodle×Project SEKAIcollaboration,Table 2,,,,
Identity,Kanaria,"Hatsune Miku, GUMI","Yoisaki Kanade, Hatsune Miku","25-ji, Nightcord de.",No,2022/05/01,Cup Noodle×Project SEKAI collaboration,Table 2,,,,
Aoiro Enogu,Kujira,"Hatsune Miku, Megurine Luka, MEIKO","Hinomori Shizuku, Hinomori Shiho, Hatsune Miku",Mixed,No,2022/05/02,Cup Noodle×Project SEKAI collaboration,Table 2,,,,
Cosmospice,PinocchioP,"Hatsune Miku, Kagamine Rin, Kagamine Len","Tenma Tsukasa, Tenma Saki, Hatsune Miku",Mixed,No,2022/05/03,Cup Noodle×Project SEKAI collaboration,Table 2,,,,
Tokugawa Cup Noodle Kinshirei,Mitchie M,N/A,"Kusanagi Nene, Nenerobo, Mikudayo, Kagamine Len, KAITO",Wonderlands×Showtime,No,2022/05/04,Cup Noodle×Project SEKAI collaboration,Table 2,,,,
Journey,DECO*27Rockwell (arranger),Hatsune Miku,"Hoshino Ichika, Hanasato Minori, Azusawa Kohane, Tenma Tsukasa, Yoisaki Kanade, Hatsune Miku",Mixed,Yes,2022/09/30,2nd Anniversary Song,Table 2,,,,
Voices,Yuyoyuppe,Megurine Luka,"Leo/need, Kagamine Rin",Leo/need,Yes,2022/09/07,Don't lose faith!event song,Table 2,,,,
Kimi no Yoru o Kure,Fullkawa HonpoKazune Masato (arranger),"Hatsune Miku, Megurine Luka","25-ji, Nightcord de., Megurine Luka","25-ji, Nightcord de.",Yes,2022/08/29,"And Now, the Ribbon Is Tiedevent song",Table 2,,,,
Gekkou,"Kitani Tatsuya, Harumaki Gohan","Hatsune Miku, Kagamine Rin","Vivid BAD SQUAD, MEIKO",Vivid BAD SQUAD,No,2022/05/20,THE POWER OF UNITYevent song,Table 2,,,,
Awake Now,YunosukeGyuuniku (lyricist),Hatsune Miku,"Vivid BAD SQUAD, Hatsune Miku",Vivid BAD SQUAD,No,2022/05/31,Bout for Beside Youevent song,Table 2,,,,
Bug,Kairiki Bear,Hatsune Miku,"25-ji, Nightcord de., Kagamine Len","25-ji, Nightcord de.",No,2022/06/10,Guiding a Lost Child to What Lies Beyond‎‎event song,Table 2,,,,
DREAM PLACE,EasyPop,"Hatsune Miku, Kagamine Rin, Megurine Luka","MORE MORE JUMP!, MEIKO",MORE MORE JUMP!,Yes,2022/10/19,Dear My Past Selfevent song,Table 2,,,,
Teratera,WADATAKEAKI (KurageP),Hatsune Miku,"Leo/need, Hatsune Miku",Leo/need,No,2022/07/21,No seek No findevent song,Table 2,,,,
the WALL,buzzG,Hatsune Miku,"Leo/need, Hatsune Miku",Leo/need,No,2022/11/18,Echo my melodyevent song,Table 2,,,,
Parasol Cider,Nanahoshi Orchestra,Hatsune Miku,"MORE MORE JUMP!, Megurine Luka",MORE MORE JUMP!,No,2022/08/10,Chasing the Radiance Beyond the Blue Skyevent song,Table 2,,,,
Kashika,Haruka Ryo,"Hatsune Miku, Kagamine Len","Vivid BAD SQUAD, MEIKO",Vivid BAD SQUAD,Yes,2022/12/19,Find A Way Outevent song,Table 2,,,,
Utsuro o Aogu,Shishi Shishi,Hatsune Miku,"Vivid BAD SQUAD, KAITO",Vivid BAD SQUAD,No,2022/09/20,Walk on and onevent song,Table 2,,,,
Hoshizora Orchestra,"Mizuno Atsu, Yukino Ito (arranger)",Hatsune Miku,"Wonderlands×Showtime, Megurine Luka",Wonderlands×Showtime,Yes,2023/01/19,"Amidst a Dream, Towards the Shining Starsevent song",Table 2,,,,
ÅMARA (Dai Mirai Dennou),sasakure.UK,"Hatsune Miku, KAITO",N/A,VIRTUAL SINGER,No,2022/10/11,2nd Anniversary Song Campaign,Table 2,,,,
"Watashi wa, Watashi-tachi wa",Guiano,KAFU,"MORE MORE JUMP!, Kagamine Len",MORE MORE JUMP!,Yes,2023/02/17,At the End of the Unraveled Threadsevent song,Table 2,,,,
Float Planner,Heavenz,"Kagamine Rin, Hatsune Miku","MORE MORE JUMP!, Kagamine Rin",MORE MORE JUMP!,No,2022/11/30,Beyond the Dream on That Dayevent song,Table 2,,,,
Samsa,Teniwoha,Hatsune Miku,"25-ji, Nightcord de., KAITO","25-ji, Nightcord de.",Yes,2023/03/28,immiscible discordevent song,Table 2,,,,
Hurray,HoneyWorks,"Hatsune Miku, MEIKO","Hoshino Ichika, Hinomori Shiho, Hatsune Miku",Leo/need,No,2022/11/26,Pocari Sweat×Project SEKAI collaboration,Table 2,,,,
I nan desu,rerulilitepe (arranger),Hatsune Miku,"25-ji, Nightcord de., Hatsune Miku","25-ji, Nightcord de.",No,2022/11/20,"Someday, This Wish Will Transcend the Morning Skyevent song",Table 2,,,,
Momoiro no Kagi,iyowa,Hatsune Miku,"MORE MORE JUMP!, Megurine Luka",MORE MORE JUMP!,Yes,2023/04/28,Re-tie Friendshipevent song,Table 2,,,,
Flyway,halyosy,"Kagamine Len, KAITO","Leo/need, Kagamine Len",Leo/need,No,2023/01/21,Little Bravers!event song,Table 2,,,,
Hitsuji ga Ippiki,Peg,Kagamine Rin,"Vivid BAD SQUAD, MEIKO",Vivid BAD SQUAD,No,2023/02/19,Kick it up a notchevent song,Table 2,,,,
Hakoniwa no Coral,koyori,Hatsune Miku,"Wonderlands×Showtime, KAITO",Wonderlands×Showtime,Yes,2023/05/29,The Canary Sings in a Quagmireevent song,Table 2,,,,
Mr. Showtime,Hitoshizuku×Yama△,"Hatsune Miku, Kagamine Rin, Kagamine Len, Megurine Luka, KAITO, MEIKO","Wonderlands×Showtime, Megurine Luka",Wonderlands×Showtime,No,2023/03/11,Towards the Phoenix at the Sky's Edgeevent song,Table 2,,,,
Be The MUSIC!,kinoshita,"Hatsune Miku, Kagamine Rin, Kagamine Len, Megurine Luka, MEIKO, KAITO",All Music MIKUdemy,All Music MIKUdemy,No,2023/04/01,April Fool's 2023 song,Table 2,,,,
Engeki,nanou,Hatsune Miku,"25-ji, Nightcord de., Megurine Luka","25-ji, Nightcord de.",Yes,2023/07/19,Saying Goodbye to My Personaevent song,Table 2,,,,
Aioi,Yairi,Hatsune Miku,"Leo/need, MEIKO",Leo/need,No,2023/04/11,Get over it.event song,Table 2,,,,
Kitty,Tsumiki,Hatsune Miku,"25-ji, Nightcord de., Kagamine Len","25-ji, Nightcord de.",No,2023/04/30,Our Escape for Survivalevent song,Table 2,,,,
Realize,Hiiragi Magnetite,Hatsune Miku,"Vivid BAD SQUAD, Hatsune Miku",Vivid BAD SQUAD,Yes,2023/08/19,On Your Feetevent song,Table 2,,,,
NEO,Jin,Hatsune Miku,"Hoshino Ichika, Hanasato Minori, Azusawa Kohane, Tenma Tsukasa, Yoisaki Kanade, Hatsune Miku",Mixed,Yes,2023/09/30,3rd Anniversary Song,Table 2,,,,
I'm Mine,halyosy,"Hatsune Miku, Kagamine Rin, Kagamine Len, Megurine Luka, MEIKO, KAITO",N/A,VIRTUAL SINGER,Yes,2023/10/01,3rd Anniversary Song Campaign,Table 2,,,,
Gekokujou,Misumi,KAFU,"Vivid BAD SQUAD, Kagamine Rin",Vivid BAD SQUAD,No,2023/06/10,Light Up the Fireevent song,Table 2,,,,
Teammate,HoneyWorks,Hatsune Miku,"MORE MORE JUMP!, Kagamine Len",MORE MORE JUMP!,No,2023/06/20,STEP by STEP!event song,Table 2,,,,
Hoshi o Tsunagu,12340mP,Hatsune Miku,"Leo/need, KAITO",Leo/need,No,2023/07/21,Connected by Our Stellar Songevent song,Table 2,,,,
purpose,doriko,Hatsune Miku,"Leo/need, Kagamine Rin",Leo/need,Yes,2023/10/29,Stick to your faithevent song,Table 2,,,,
Twilight Light,toa,"Hatsune Miku, Kagamine Rin","25-ji, Nightcord de., Hatsune Miku","25-ji, Nightcord de.",Yes,2023/11/01,"25-ji, Nightcord de.'s 2nd image song",Table 2,,,,
Kirapipi★Kirapika,nyanyannya(Daitensai-P),"Hatsune Miku, MEIKO, Kagamine Rin, Kagamine Len, Megurine Luka, KAITO","Wonderlands×Showtime, MEIKO",Wonderlands×Showtime,No,2023/08/21,Our Happy Endingevent song,Table 2,,,,
Un-Lock,MuryokuP,Megurine Luka,N/A,VIRTUAL SINGER,No,2023/09/19,SEKAI no Oto Vol.1Unit Image Album Song,Table 2,,,,
Bottle Cake,Live-P,Kagamine Rin,N/A,VIRTUAL SINGER,No,2023/08/25,SEKAI no Oto Vol.1Unit Image Album Song,Table 2,,,,
filament fever,Kuriyama Yuri (Hachiya Nanashi),"Hatsune Miku, MEIKO","Wonderlands×Showtime, MEIKO",Wonderlands×Showtime,Yes,2023/11/28,A Story Where You Are The Starevent song,Table 2,,,,
Beyond the way,Gigaq*Left (lyricist),"Hatsune Miku, Kagamine Rin, Kagamine Len","Vivid BAD SQUAD, Hatsune Miku",Vivid BAD SQUAD,Yes,2023/12/08,Vivid BAD SQUAD's 2nd image song,Table 2,,,,
Warera Stain Busters!,Mashima Yuro,"Hatsune Miku, Kagamine Rin","MORE MORE JUMP!, Hatsune Miku, Kagamine Rin",MORE MORE JUMP!,No,2023/08/02,Ora2×Project SEKAI collaboration,Table 2,,,,
blender,"Komedawara, R Sound Design","Hatsune Miku, MEIKO","Vivid BAD SQUAD, MEIKO",Vivid BAD SQUAD,Yes,2024/03/28,The first concertoevent song,Table 2,,,,
MOTTO!!!,Junky,N/A,"MORE MORE JUMP!, Hatsune Miku",MORE MORE JUMP!,No,2024/01/15,MORE MORE JUMP!'s 2nd image song,Table 2,,,,
ARQETYPE,Sohbana,MEIKO,N/A,VIRTUAL SINGER,No,2023/11/10,SEKAI no Oto Vol.1Unit Image Album Song,Table 2,,,,
25-ji no Jounetsu,Kanzaki Iori,"Hatsune Miku, Kagamine Rin, Kagamine Len, Megurine Luka, MEIKO, KAITO","25-ji, Nightcord de., KAITO","25-ji, Nightcord de.",Yes,2023/12/29,"The Tone Played on That Dayevent song, New Year's Song Campaign (2023-2024)",Table 2,,,,
Sekai o Terasu Tetrad,OSTER project,"Hatsune Miku, Kagamine Rin, Kagamine Len, Megurine Luka, MEIKO, KAITO","Wonderlands×Showtime, Hatsune Miku",Wonderlands×Showtime,Yes,2024/02/09,Wonderlands×Showtime's 2nd image song.,Table 2,,,,
limbo,Sheeno Mirin,Hatsune Miku,N/A,VIRTUAL SINGER,No,2024/02/16,SEKAI no Oto Vol.1Unit Image Album Song,Table 2,,,,
CRaZY,Umetora,"Megurine Luka, Hatsune Miku, GUMI, IA, Kagamine Rin","Vivid BAD SQUAD, Megurine Luka",Vivid BAD SQUAD,Yes,2023/10/12,BURN MY SOULevent song,Table 2,,,,
JUMPIN' OVER !,r-906,Hatsune Miku,"MORE MORE JUMP!, Hatsune Miku",MORE MORE JUMP!,Yes,2024/02/21,"The Scars Left Behind, With Timeevent song",Table 2,,,,
Regulus,Yuuyu,Kagamine Rin,"Leo/need, KAITO",Leo/need,Yes,2024/02/18,"The Courage to Lead, the Kindness in My Heartevent song",Table 2,,,,
Integral,*Luna,Hatsune Miku,"Leo/need, Hatsune Miku",Leo/need,Yes,2024/03/01,Leo/need's 2nd image song.,Table 2,,,,
"Yuukou, 1/f no Yurameki",Uka Roku,Hatsune Miku,N/A,VIRTUAL SINGER,No,2024/03/18,SEKAI no Oto Vol.1Unit Image Album Song,Table 2,,,,
Tokimeki Jet Coaster,picco,Hatsune Miku,N/A,VIRTUAL SINGER,No,2024/05/10,SEKAI no Oto Vol.1Unit Image Album Song,Table 2,,,,
Hug,MIMI,"Hatsune Miku, KAFU","MORE MORE JUMP!, Kagamine Len",MORE MORE JUMP!,No,2023/10/31,The Warmth That Guides Usevent song,Table 2,,,,
Showtime×Audience,Sena Wataru,Hatsune Miku,N/A,VIRTUAL SINGER,No,2023/12/11,SEKAI no Oto Vol.1Unit Image Album Song,Table 2,,,,
Suresure,Scop,Hatsune Miku,"Leo/need, MEIKO",Leo/need,Yes,2024/04/28,Parallel Harmoniesevent song,Table 2,,,,
Twilight Melody,"CircusP, HaiDL (arranger)",Hatsune Miku,N/A,VIRTUAL SINGER,No,2025/06/30,Global Server 2nd Anniversary Song,Table 2,,,,
Opera! Space Opera!,NayutalieN,"Hatsune Miku, Kagamine Rin","Wonderlands×Showtime, Kagamine Len",Wonderlands×Showtime,No,2024/05/29,perspective for smileevent song,Table 2,,,,
CYBERPUNK DEAD BOY,MaikiP,Hatsune Miku,"Wonderlands×Showtime, Kagamine Rin",Wonderlands×Showtime,No,2024/01/23,Backlight Lens Flareevent song,Table 2,,,,
Supernova,"Yunosuke, Haruno",Hatsune Miku,"MORE MORE JUMP!, KAITO",MORE MORE JUMP!,Yes,2024/06/18,Lead to shine moreevent song,Table 2,,,,
LEADER,Kashii Moimi,KAITO,N/A,VIRTUAL SINGER,No,2024/06/28,SEKAI no Oto Vol.1Unit Image Album Song,Table 2,,,,
Jouou,Hachioji-P,Hatsune Miku,N/A,VIRTUAL SINGER,No,2024/03/22,Extra 3rd Anniversary Song Campaign,Table 2,,,,
ULTRA C,"Giga, TeddyLoid","Kagamine Rin, Kagamine Len","Vivid BAD SQUAD, Hatsune Miku",Vivid BAD SQUAD,Yes,2024/07/07,OVER RAD SQUAD!!event song,Table 2,,,,
Seibai ItaAAAAAsu!,WONDERFUL★OPPORTUNITY!,"Kagamine Rin, Kagamine Len","Wonderlands×Showtime, Megurine Luka",Wonderlands×Showtime,Yes,2024/07/15,Catch the Criminal!? The Tales of Detective Tenmaevent song,Table 2,,,,
Killer,Natsushiro Takaaki,N/A,"MORE MORE JUMP!, Kagamine Rin",MORE MORE JUMP!,Yes,2024/08/07,Chase my IDEAL IDOL!event song,Table 2,,,,
Fuel,Utsu-P,Hatsune Miku,"Vivid BAD SQUAD, KAITO",Vivid BAD SQUAD,Yes,2024/10/29,Rekindle the flameevent song,Table 2,,,,
Neppuu,kemu,"Hatsune Miku, Kagamine Rin, Kagamine Len, Megurine Luka, MEIKO, KAITO","Hoshino Ichika, Hanasato Minori, Azusawa Kohane, Tenma Tsukasa, Yoisaki Kanade, Hatsune Miku",Mixed,Yes,2024/09/30,4th Anniversary Song,Table 2,,,,
Watashi wa Ame,inabakumori,Kaai Yuki,"25-ji, Nightcord de., Kagamine Len","25-ji, Nightcord de.",No,2024/04/10,Knowing the Unseenevent song,Table 2,,,,
Rekka,niki,Hatsune Miku,"Vivid BAD SQUAD, Megurine Luka",Vivid BAD SQUAD,No,2024/04/30,Whip the wimp girl!!event song,Table 2,,,,
Hashiru! Tooku! Todoku!,Usushioshisuu,Kasane Teto,"MORE MORE JUMP!, Hatsune Miku",MORE MORE JUMP!,Yes,2024/12/19,Grow glorious glowevent song,Table 2,,,,
Yoka ni Mitorete,keeno,Hatsune Miku,"25-ji, Nightcord de., MEIKO","25-ji, Nightcord de.",Yes,2024/12/9,"With Our Hands, Covered in Woundsevent song",Table 2,,,,
Empurple,Harumaki Gohan,Hatsune Miku,"25-ji, Nightcord de., Kagamine Rin","25-ji, Nightcord de.",No,2024/06/20,Reeling in the Lightsevent song,Table 2,,,,
HAVEN,Niru Kajitsu,flower,"Vivid BAD SQUAD, Kagamine Len",Vivid BAD SQUAD,Yes,2025/01/19,Time to take off!event song,Table 2,,,,
Natsuyo no Uta,Hirata Yoshihisa,Kagamine Len,N/A,VIRTUAL SINGER,No,2024/08/23,SEKAI no Oto Vol.1Unit Image Album Song,Table 2,,,,
Soredemo Bokura wa Utau Koto o Yamenai,Aoki Go,Hatsune Miku,"Leo/need, Kagamine Len",Leo/need,No,2024/09/20,This moment with you!event song,Table 2,,,,
Unpoison,Sodeno Arawa,Hatsune Miku,N/A,VIRTUAL SINGER,No,2024/09/24,SEKAI no Oto Vol.1Unit Image Album Song,Table 2,,,,
All Save Challenge,Kashii Moimi,Hatsune Miku,"Wonderlands×Showtime, KAITO",Wonderlands×Showtime,Yes,2025/04/28,Choices for the futureevent song,Table 2,,,,
Eleventh,Police Piccadilly,Hatsune Miku,"MORE MORE JUMP!, MEIKO",MORE MORE JUMP!,Yes,2025/05/29,Cheer with my Heart!event song,Table 2,,,,
Nihil-san,¿?shimon,flower,"25-ji, Nightcord de., Kagamine Len","25-ji, Nightcord de.",Yes,2025/05/06,"And So, the Clock Hands Started Tickingevent song",Table 2,,,,
Seimeisei Syndrome,Camellia,Hatsune Miku,N/A,VIRTUAL SINGER,No,2024/10/10,4th Anniversary Song Campaign,Table 2,,,,
Sono Oto ga Naru Nara,Ishifuro,N/A,"Leo/need, Megurine Luka",Leo/need,No,2024/10/31,Happy Enjoy Music!event song,Table 2,,,,
Boku no Kami-sama,Hanyuu Maigo,N/A,"Wonderlands×Showtime, Kagamine Len",Wonderlands×Showtime,No,2024/11/20,The Power Of Regretevent song,Table 2,,,,
Bake no Hana,NAKISO,Hatsune Miku,"25-ji, Nightcord de., KAITO","25-ji, Nightcord de.",No,2024/10/12,Where Does the Path of Thorns Lead To?event song,Table 2,,,,
Fusion,"DECO*27, tepe (arranger)","Kagamine Len, KAITO",DI:Verse,DI:Verse,No,2025/02/15,Project SEKAI×Ensemble Stars!!Collaboration,Table 2,,,,
Eyelid,Nuyuri,flower,"Wonderlands×Showtime, Megurine Luka",Wonderlands×Showtime,Yes,2025/07/13,Deeper and deeperevent song,Table 2,,,,
"Soko ni Aru, Hikari.","DECO*27, Surii (arranger)","Hatsune Miku, Kagamine Rin, Megurine Luka, MEIKO","25-ji, Nightcord de.","25-ji, Nightcord de.",No,2025/01/28,"Project SEKAI the Movie: Kowareta SEKAI to Utaenai MIKU 25-ji, Nightcord de. song",Table 2,,,,
Hajimari no Mirai,"40mP, sasakure.UK",Hatsune Miku,N/A,VIRTUAL SINGER,No,2024/12/28,Project SEKAI the Movie: Kowareta SEKAI to Utaenai MIKU Opening song,Table 2,,,,
SToRY,"DECO*27, Horie Shota (kemu) (arranger)","Hatsune Miku, Kagamine Rin, Megurine Luka, MEIKO",Leo/need,Leo/need,No,2025/02/06,Project SEKAI the Movie: Kowareta SEKAI to Utaenai MIKU Leo/need song,Table 2,,,,
FUN!!,"DECO*27, iyowa (arranger)","Hatsune Miku, Kagamine Rin, Megurine Luka, MEIKO",MORE MORE JUMP!,MORE MORE JUMP!,No,2025/01/31,Project SEKAI the Movie: Kowareta SEKAI to Utaenai MIKU MORE MORE JUMP! song,Table 2,,,,
Fire Dance,"DECO*27, Giga (arranger)","Hatsune Miku, Kagamine Len, MEIKO, KAITO",Vivid BAD SQUAD,Vivid BAD SQUAD,No,2025/01/25,Project SEKAI the Movie: Kowareta SEKAI to Utaenai MIKU Vivid BAD SQUAD song,Table 2,,,,
Smile*Symphony,"DECO*27, Niru Kajitsu (arranger)","Hatsune Miku, Kagamine Rin, Kagamine Len, KAITO",Wonderlands×Showtime,Wonderlands×Showtime,No,2025/02/03,Project SEKAI the Movie: Kowareta SEKAI to Utaenai MIKU Wonderlands×Showtime song,Table 2,,,,
"Hello, SEKAI","DECO*27, tepe (arranger)","Hatsune Miku, Kagamine Rin, Kagamine Len, Megurine Luka, MEIKO, KAITO",N/A,VIRTUAL SINGER,No,2025/02/09,Project SEKAI the Movie: Kowareta SEKAI to Utaenai MIKU VIRTUAL SINGER song,Table 2,,,,
Worlders,"Jin, TeddyLoid",N/A,All Project SEKAI Cast,Mixed,No,2025/01/29,Project SEKAI the Movie: Kowareta SEKAI to Utaenai MIKU Ending song,Table 2,,,,
Anti You,Chinozo,N/A,"MORE MORE JUMP!, Megurine Luka",MORE MORE JUMP!,No,2025/02/10,Rise and Striveevent song,Table 2,,,,
D/N/A,Azari,"Hatsune Miku, Kagamine Rin, Megurine Luka, MEIKO","25-ji, Nightcord de., Kagamine Rin","25-ji, Nightcord de.",No,2025/03/20,Unreliable Notesevent song,Table 2,,,,
Sympathy,Eve,N/A,"Leo/need, Hatsune Miku",Leo/need,No,2025/03/30,Find the dream viewevent song,Table 2,,,,
Kousenka,Guiano,Kasane Teto,"Vivid BAD SQUAD, Hatsune Miku",Vivid BAD SQUAD,No,2025/05/31,Aim higher and higher!event song,Table 2,,,,
Ari no Mama no Story o,Noboru↑,N/A,"MORE MORE JUMP!, KAITO",MORE MORE JUMP!,No,2025/07/23,start rolling! stars' crossingevent song,Table 2,,,,
Toumei na Palette,Aqu3ra,Hatsune Miku,"Leo/need, Kagamine Rin",Leo/need,No,2025/07/15,"Unsteady, still steady stepevent song",Table 2,,,,
lily-lala,Zangi,Hatsune Miku,N/A,VIRTUAL SINGER,No,,28th Proseka NEXT Song Contest Winner,Table 3,2025/08/18,,,
BLOOD DOLL,Fuyuuu,Hatsune Miku,N/A,VIRTUAL SINGER,No,,28th Proseka NEXT Song Contest Winner,Table 3,2025/09/??,,,
SANchi Chokusou,STEAKA,Hatsune Miku,N/A,VIRTUAL SINGER,No,,3rd Proseka ULTIMATE Song Contest Winner,Table 3,2025/08/22,,,
0.0000034,Musanuriyu,Hatsune Miku,N/A,VIRTUAL SINGER,No,,3rd Proseka ULTIMATE Song Contest Winner,Table 3,2025/11/??,,,
Surges,Orangestar,"IA, Hatsune Miku","Vivid BAD SQUAD, Megurine Luka",Vivid BAD SQUAD,No,,,Table 3,2025/08/12,,,
Lustrous,*Luna,Hatsune Miku,N/A,VIRTUAL SINGER,No,,Magical Mirai 2025 Theme Song,Table 3,2025/08/29,,,
Asagao no Chiru Koro ni,Pusu (from TUYU),Hatsune Miku,"Hoshino Ichika, Mochizuki Honami, Hatsune Miku",Leo/need,,,,Table 4,,2022/05/23,2024/07/09,Association with Pusu (from TUYU)
Donna Ketsumatsu ga Onozomi Dai?,TUYU,Hatsune Miku,"Wonderlands×Showtime, Hatsune Miku",Wonderlands×Showtime,,,,Table 4,,2022/10/21,2024/07/09,Association with Pusu (from TUYU)
